Workbook

Sheet APWeight3
A1: Character Stats (In Gear) | C1: Talents | E1: Weps/Sets/Relics | G1: Encounter/Target | I1: Buffs | K1: Consumables | M1: Final Attributes | O1: Final Encounter Parameters | T1: Threat coefficients (and other modifiers)
A2: Bonus Strength | B2: ='Main(manual)'!B2 -> 92 | C2: Ancestral Knowledge | D2: ='Main(manual)'!D2 -> 5 | E2: Min Weapon Dam | F2: ='Main(manual)'!F2 -> 259 | G2: Fight Duration (sec) | H2: ='Main(manual)'!H2 -> 60 | I2: Shield | J2: ='Main(manual)'!J2 -> Lightning | K2: # of Major Mana | L2: ='Main(manual)'!L2 -> 1 | M2: Strength | N2: =ROUNDDOWN((IF(B19="Tauren",90,86)+IF(B19="Orc",2,0)+$B$2+IF($L$5,25,0)+IF($L$13,20,0)+IF($L$10,25,0)+IF($J$11,16,0)+ROUNDDOWN(IF($J$12,77*(1+U6),0),0)+IF($L$8,30,0))*IF($J$10,1.1,1)*(($D$2*0.01)+1)*IF(F16,1+(0.05*$R$2),1)+IF(F19,((100*(1+(D2*0.01))*IF(J10,1.1,1))*P24*IF(F16,1+(0.05*$R$2),1)),0)+IF(F24,((50*(1+(D2*0.01))*IF(J10,1.1,1))*R3*IF(F16,1+(0.05*$R$2),1)),0),0) -> 370 | O2: Miss+Dodge% | P2: =10%+((H3-60)*1.5%)-(MIN(B8-300,15)*0.001)-MIN($N$6,((H3-60)*1%)+5%) -> 0.056 | Q2: T3.5 5pc Uptime | R2: =1 - EXP( -( (0.1 * (1 - SUM(P2:P3)) / C43) + IF(AND(J3="Windfury",C44>0),(0.1 * (1 - SUM(P2:P3)) / C44),0) ) * 12 ) -> 0.31589178 | T2: Totemic Alignment | U2: =D4*0.45 -> 0
A3: Melee AP | B3: ='Main(manual)'!B3+100 -> 100 | C3: Thundering Strikes | D3: ='Main(manual)'!D3 -> 5 | E3: Max Weapon Dam | F3: ='Main(manual)'!F3 -> 389 | G3: Level | H3: ='Main(manual)'!H3 -> 63 | I3: Imbue | J3: ='Main(manual)'!J3 -> Flametongue | K3: # of Tea | L3: ='Main(manual)'!L3 -> 1 | M3: Melee AP | N3: =ROUNDDOWN((100+$B$3+IF($J$15,55,0)+(($N$2*2)+IF($L$7,35,0)+IF($L$9,40,0)+(P20*130)+IF($J$8,290,0)+IF($J$9,222,0)+IF($J$15,30,0)+IF($J$3="Rockbiter",653,0)+IF(AND($J$3="Rockbiter",$F$11),653*U4,0)+IF($J$25,(120*(15/MAX(H2,15))))+IF($J$28,(260*(20/MAX(H2,20))))+IF($J$29,(200*(20/MAX(H2,20))))))*IF($J$15,1.05,1),0) -> 1562 | O3: Parry% | P3: =IF($H$3=63,14%,5%+(($H$3-60)*0.75%))*IF($H$5,0,1) -> 0 | Q3: ForgottenOrder | R3: =1-EXP(-((K67*(1-SUM(P2:P3))/C43)+IF(J3="Windfury",(K67*(1-SUM(P2:P3))/C44),0)+(K67*(1-SUM(P2:P3))/C46)+(K67*(1-SUM(P2:P3))/C49))*15) -> 0.42307324 | T3: Rockbiter | U3: 0.35
A4: Bonus Agility | B4: ='Main(manual)'!B4 -> 77 | C4: Totemic Alignment | D4: ='Main(manual)'!D4 -> 0 | E4: Weapon Speed | F4: ='Main(manual)'!F4 -> 3.6 | G4: No. of Targets | H4: ='Main(manual)'!H4 -> 1 | I4: Fire Totem | J4: ='Main(manual)'!J4 -> Nova+Searing | K4: # of Rune | L4: ='Main(manual)'!L4 -> 0 | M4: Agility | N4: =ROUNDDOWN(($B$4+IF(B19="Tauren",50,52)+IF(B19="Troll",5,0)+IF($J$11,16,0)+IF($L$6,25,0)+IF($L$11,25,0)+ROUNDDOWN(IF($J$13,77*(1+U6),0),0))*IF($J$10,1.1,1)*(($D$2*0.01)+1),0) -> 291 | O4: Block% | P4: =IF($H$5,0,5%) -> 0 | T4: T2.5 Rockbiter buff | U4: 0.25
A5: Phys Crit | B5: ='Main(manual)'!B5 -> 0.04 | C5: Calming Winds | D5: ='Main(manual)'!D5 -> 0 | E5: Stonebreaker Totem | F5: ='Main(manual)'!F5 -> TRUE | G5: Attacking Behind | H5: ='Main(manual)'!H5 -> TRUE | I5: Stoneclaw totem | J5: ='Main(manual)'!J5 -> FALSE | K5: Elixir of Giants | L5: ='Main(manual)'!L5 -> TRUE | M5: Phys Crit | N5: =$N$4/2000+($D$3/100)+IF($L$6,0.02,0)+IF(J14,0.03,0)+B5+0.017+(0.0004*($B$8-300)) -> 0.3077 | O5: Glancing Chance | P5: =10%+(10%*($H$3-60)) -> 0.4 | T5: Spirit Armor | U5: =0.05*D18*F20 -> 0
A6: Phys Hit | B6: ='Main(manual)'!B6 -> 0.02 | C6: Flurry | D6: ='Main(manual)'!D6 -> 5 | E6: Crackling Totem | F6: ='Main(manual)'!F6 -> TRUE | G6: Being Attacked | H6: ='Main(manual)'!H6 -> FALSE | I6: Salvation | J6: ='Main(manual)'!J6 -> TRUE | K6: Mongoose | L6: ='Main(manual)'!L6 -> TRUE | M6: Phys Hit | N6: =$B$6+($D$11/100)+(B8-300)*0.002 -> 0.076 | O6: Block Value | P6: 38 | T6: Enhancing Totems | U6: =0.125*D7 -> 0
A7: Haste | B7: ='Main(manual)'!B7 -> 0.03 | C7: Enhancing Totems | D7: ='Main(manual)'!D7 -> 0 | E7: Totem of Rage | F7: ='Main(manual)'!F7 -> TRUE | G7: Shield Proc Interval | H7: ='Main(manual)'!H7 -> 4 | I7: Tranquil Air | J7: ='Main(manual)'!J7 -> FALSE | K7: Firewater | L7: ='Main(manual)'!L7 -> TRUE | M7: Haste | N7: =(1+B7)*IF(F16,1+(0.1*R2),1)*IF($L$12,1.02,1)*IF($J$17,MIN(1+(0.2*(30/H2)),1.2),1)*(1+((IF(D6>=1,0.05,0)+($D$6*0.03))*P18))*(1+(0.08*$P$21))*IF($J$24,1+(0.1*(10/H2)),1)*IF($J$27,MIN(1+(0.2*(15/H2)),1.2),1)-1 -> 0.20648036 | O7: Glancing Damage | P7: =MIN(65%+((B8-300)*2%),95% ) -> 0.91 | T7: Calming Winds | U7: =0.0833*D5*NOT(F20) -> 0
A8: Weapon Skill | B8: ='Main(manual)'!B8 -> 313 | C8: Element's Grace | D8: ='Main(manual)'!D8 -> 4 | E8: Broken Earth totem | F8: ='Main(manual)'!F8 -> FALSE | G8: Armour | H8: ='Main(manual)'!H8 -> 4211 | I8: Battle Shout | J8: ='Main(manual)'!J8 -> TRUE | K8: Juju Power | L8: ='Main(manual)'!L8 -> FALSE | M8: Intellect | N8: =ROUNDDOWN(($B$10+IF(B19="Tauren",85,86)+IF(B19="Troll",1,0)+IF($J$18,31,0)+IF($J$11,16,0))*IF($J$10,1.1,1)*(1+($D$2*0.01)),0) -> 336 | O8: Hit% | P8: =100%-SUM(P2:P5)-MIN(P9,N5-((H3-60)*0.01)) -> 0.2663 | T8: Element's Grace | U8: =0.02*D8 -> 0.08
A9: Armor Pen | B9: ='Main(manual)'!B9 -> 500 | C9: Concussion | D9: ='Main(manual)'!D9 -> 5 | E9: Totem of Tides | F9: ='Main(manual)'!F9 -> FALSE | G9: Sunder Armour | H9: ='Main(manual)'!H9 -> TRUE | I9: Might | J9: ='Main(manual)'!J9 -> TRUE | K9: Juju Might | L9: ='Main(manual)'!L9 -> FALSE | M9: MP5 | N9: =$B$11+IF($L$15,12,0) -> 12 | O9: Crit Cap | P9: =100%-SUM(P2:P5) -> 0.544 | T9: Stormstrike | U9: =J23*0.25 -> 0.25
A10: Bonus Intellect | B10: ='Main(manual)'!B10 -> 157 | C10: Convection | D10: ='Main(manual)'!D10 -> 2 | E10: T2 3pc | F10: ='Main(manual)'!F11 -> FALSE | G10: Curse of Reck | H10: ='Main(manual)'!H10 -> TRUE | I10: Kings | J10: ='Main(manual)'!J10 -> TRUE | K10: R.O.I.D.S | L10: ='Main(manual)'!L10 -> TRUE | M10: Spirit | N10: =ROUNDDOWN(($B$12+IF($B$19="Tauren",102,101)+IF($B$19="Orc",1,0)+IF($L$14,50,0)+IF($J$19,40,0)+IF($J$11,16,0))*IF($J$10,1.1,1)*(1+($D$2*0.01)),0) -> 244 | O10: Crit% Post Suppression | P10: =N5-((H3-60)*0.01) -> 0.2777
A11: MP5 | B11: ='Main(manual)'!B11 -> 0 | C11: Ele Devastation | D11: ='Main(manual)'!D11 -> 3 | E11: T2.5 5pc | F11: ='Main(manual)'!F12 -> FALSE | G11: Faerie Fire | H11: ='Main(manual)'!H11 -> TRUE | I11: MotW | J11: ='Main(manual)'!J11 -> TRUE | K11: Scorpok Assay | L11: ='Main(manual)'!L11 -> FALSE | M11: Meditation | N11: =$B$13+IF($J$20,0.05,0) -> 0.05 | O11: Effective Armour | P11: =H8-B9-IF(H9,2250,0)-IF(H12,2550,0)+IF(AND(H9,H12),2250,0)-IF(H10,640,0)-IF(H11,505,0) -> 16
A12: Bonus Spirit | B12: ='Main(manual)'!B12 -> 5 | C12: Elemental Weapons | D12: ='Main(manual)'!D12 -> 3 | E12: T3 2pc | F12: ='Main(manual)'!F13 -> TRUE | G12: Improved EA | H12: ='Main(manual)'!H12 -> TRUE | I12: Strength of Earth | J12: ='Main(manual)'!J12 -> TRUE | K12: Tel'Abim Medley | L12: ='Main(manual)'!L12 -> FALSE | M12: Mana Per 2 (5SR) | N12: =(17+(($N$10/5)*$N$11)+($N$9/2.5))+IF($J$22,10,0)+IF($J$21,15.6,0) -> 49.84 | O12: Armour DR | P12: =P11 / (P11 + 400 + 85 * 60) -> 0.0029006526
A13: Meditation | B13: ='Main(manual)'!B13 -> 0 | C13: Reverberation | D13: ='Main(manual)'!D13 -> 3 | E13: T3 4pc | F13: ='Main(manual)'!F14 -> FALSE | G13: Hemorrhage | H13: ='Main(manual)'!H13 -> TRUE | I13: Grace of Air | J13: ='Main(manual)'!J13 -> TRUE | K13: Power Mushroom | L13: ='Main(manual)'!L13 -> FALSE | M13: Raw Mana Pool | N13: =1240+($N$8*15) -> 6280 | O13: NPC Level Resist | P13: =1-(($H$3-60)*0.02) -> 0.94
A14: Spell Pen | B14: ='Main(manual)'!B14 -> 0 | C14: Call of Flame | D14: ='Main(manual)'!D14 -> 3 | E14: T3 6pc | F14: ='Main(manual)'!F15 -> FALSE | G14: Gift of Arthas | H14: ='Main(manual)'!H14 -> FALSE | I14: Leader of Pack | J14: ='Main(manual)'!J14 -> TRUE | K14: Zanza | L14: ='Main(manual)'!L14 -> TRUE | M14: Final Mana Pool | N14: =N13+(L2*2250)+(L3*1350)+(L4*1550)+(H2/2*N12)+((N19*59/60)*H2)+IF(J2="Water",130*(H2/H7),0) -> 14160.987 | O14: Effective NR | P14: =(MAX($H$15-$B$14-IF($H$17,25,0),0)) -> 0
A15: Nature Spellpower | B15: ='Main(manual)'!B15 -> 385 | C15: Elemental Focus | D15: ='Main(manual)'!D15 -> 1 | E15: T3.5 3pc | F15: ='Main(manual)'!F16 -> FALSE | G15: NR | H15: ='Main(manual)'!H15 -> 15 | I15: Trueshot Aura | J15: ='Main(manual)'!J15 -> FALSE | K15: Mageblood | L15: ='Main(manual)'!L15 -> TRUE | M15: Nature Spellpower | N15: =B15+IF(L16,150,0)+IF(L17,35,0)+IF(L18,55,0)+IF(L20,35,0)+IF(L21,15,0)+IF(L22,22,0)+IF(F25,132*P22,0)+IF($J$25,(60*(15/MAX(H2,15)))) -> 739.76038 | O15: Effective FR | P15: =(MAX($H$16-$B$14-IF($H$18,75,0),0)) -> 0
A16: Fire Spellpower | B16: ='Main(manual)'!B16 -> 432 | C16: Improved Fire Totems | D16: ='Main(manual)'!D16 -> 2 | E16: T3.5 5pc | F16: ='Main(manual)'!F17 -> FALSE | G16: FR | H16: ='Main(manual)'!H16 -> 15 | I16: Boomy Aura | J16: ='Main(manual)'!J16 -> FALSE | K16: Supreme Power | L16: ='Main(manual)'!L16 -> TRUE | M16: Fire Spellpower | N16: =B16+IF(L16,150,0)+IF(L17,35,0)+IF(L19,40,0)+IF(L20,35,0)+IF(L21,15,0)+IF(L22,22,0)+IF(F25,132*P22,0)+IF($J$25,(60*(15/MAX(H2,15)))) -> 771.76038 | O16: Ele Dev Uptime | P16: =1 - EXP( -( (P10 * (1 - SUM(P2:P3)) / C43) + IF(J3="Windfury",(P10 * (1 - SUM(P2:P3)) / C44),0) + (MIN(1, P10 + 0.02 * D8) * (1 - SUM(P2:P3)) / C49) + (MIN(1, P10 + 0.02 * D8) * (1 - SUM(P2:P3)) / C46) ) * 10 ) -> 0.81284569
A17: Spell Crit | B17: ='Main(manual)'!B17 -> 0.07 | C17: Elemental Fury | D17: ='Main(manual)'!D17 -> 2 | E17: Threat Gloves | F17: ='Main(manual)'!F18 -> FALSE | G17: Thunderfury | H17: ='Main(manual)'!H17 -> TRUE | I17: Bloodlust | J17: ='Main(manual)'!J17 -> FALSE | K17: Arcane Elixir | L17: ='Main(manual)'!L17 -> TRUE | M17: Spell Crit | N17: =B17+(($N$8)/59.2)%+(IF(L21,2%,0))+3.53%+(IF(J16,3%,0)) -> 0.18205676 | O17: Focus Uptime | P17: =IF(D15,1-(((1-$P$10)^(5/C43))*(1-(1-SUM($P$2,$P$3))*$P$10)^2)*((1-MIN(IF($H$3=63,0.83+$N$18,0.96+$N$18-(($H$3-60)*0.01)),0.99)*($N$17+IF($F$10,0.1,0)+U8+IF($F$12,5%,0)))^2),0) -> 0.84695712
A18: Spell Hit | B18: ='Main(manual)'!B18 -> 0.03 | C18: Spirit Armor | D18: ='Main(manual)'!D18 -> 0 | E18: Subtlety Cloak | F18: ='Main(manual)'!F19 -> TRUE | G18: Curse of Elements | H18: ='Main(manual)'!H18 -> TRUE | I18: Arcane Intellect | J18: ='Main(manual)'!J18 -> TRUE | K18: Nature Power | L18: ='Main(manual)'!L18 -> TRUE | M18: Spell Hit | N18: =$P$16*MIN(B18+(D11*1%)+IF(J20,1%,0)+(D11*0.03),16%)+(1-$P$16)*MIN(B18+(D11*1%)+IF(J20,1%,0),16%) -> 0.14315611 | O18: Flurry Uptime | P18: =LET( miss, SUM($P$2,$P$3), wf_enabled, IF($J$3="Windfury", 1, 0), p_auto_base, $P$10 * (1 - miss), p_spell_base, MIN(1, $P$10 + 0.02 * $D$8) * (1 - miss), p_wf, $P$10 * (1 - miss), wf_chance, 0.2, wf_rolls, 2, p_auto_eff, p_auto_base + wf_enabled * wf_chance * (1 - (1 - p_wf)^wf_rolls) * (1 - p_auto_base), p_spell_eff, p_spell_base + wf_enabled * wf_chance * (1 - (1 - p_wf)^wf_rolls) * (1 - p_spell_base), r, p_auto_eff / MAX($C$43, 0.00001) + p_spell_eff / C49 + p_spell_eff / C46, a, 1 / MAX($C$43, 0.00001), rho, r / MAX(a, 0.00001), uptime_time, (rho * (3 + 3*rho + rho^2)) / (1 + rho)^3, uptime_time ) -> 0.70373105
A19: Race | B19: ='Main(manual)'!B19 -> Troll | C19: Imp Molten Blast | D19: ='Main(manual)'!D19 -> 1 | E19: Crusader | F19: ='Main(manual)'!F20 -> FALSE | G19: Improved Scorch | H19: ='Main(manual)'!H19 -> TRUE | I19: Divine Spirit | J19: ='Main(manual)'!J19 -> TRUE | K19: Fire Power | L19: ='Main(manual)'!L19 -> TRUE | M19: JoW Hits (60 sec) | N19: =IF($H$21,((60/C43)+14.166+IF(J3="Windfury",(60/C44),0)+IF(J3="Flametongue",((60/C43)+(60/C46)+(60/C49)),0)+$F$72)*0.5*(1-SUM($P$3,$P$2)),0) -> 47.216722 | O19: Windfury Procs (60 sec) | P19: =IF(J3="Windfury",((60/C43)+(60/C49)+(60/C46))*0.2*(1-SUM($P$3,$P$2)),0) -> 0
E20: Using Shield? | F20: ='Main(manual)'!F21 -> FALSE | G20: Nightfall | H20: ='Main(manual)'!H20 -> TRUE | I20: Emerald Blessing | J20: ='Main(manual)'!J20 -> TRUE | K20: Dreamtonic | L20: ='Main(manual)'!L20 -> TRUE | O20: Stonebreaker Uptime | P20: =IF($F$5,1-(0.65^(10/$C$51)),0) -> 0.5775
E21: Sulfuras proc | F21: ='Main(manual)'!F22 -> FALSE | G21: Judgement of Wisdom | H21: ='Main(manual)'!H21 -> TRUE | I21: Wisdom | J21: ='Main(manual)'!J21 -> TRUE | K21: Dreamshard | L21: ='Main(manual)'!L21 -> TRUE | O21: Crackling Uptime | P21: =IF($F$6,1-EXP(-(0.15/(60/(60/C46))*8)),0) -> 0.12482668
A22: TPS | B22: =$I$61 -> 1195.0257 | E22: Neretzek proc | F22: ='Main(manual)'!F23 -> FALSE | I22: Mana Spring | J22: ='Main(manual)'!J22 -> TRUE | K22: Tel'Abim Delight | L22: ='Main(manual)'!L22 -> FALSE | O22: WoC Uptime | P22: =1-EXP(-(0.05/(60/$H$72))*10) -> 0.49060891
A23: DPS | B23: =$G$61 -> 1797.6841 | E23: DTC proc | F23: ='Main(manual)'!F24 -> FALSE | I23: Stormstrike | J23: ='Main(manual)'!J23 -> TRUE | K23: D.Breath Chili | L23: ='Main(manual)'!L23 -> TRUE | O23: Nobility Drape Uptime | P23: =1-EXP(-(0.2/(60/$H$72))*6) -> 0.80188232
E24: Forgotten Order proc | F24: ='Main(manual)'!F25 -> FALSE | I24: Berserking | J24: ='Main(manual)'!J24 -> TRUE | O24: Crusader Uptime | P24: =1-EXP(-((E67*(1-SUM(P2:P3))/C43)+IF(J3="Windfury",(E67*(1-SUM(P2:P3))/C44),0)+(E67*(1-SUM(P2:P3))/C46)+(E67*(1-SUM(P2:P3))/C49))*20) -> 0.47644114
A25: Total | B25: %asPhys | C25: %asMagic | E25: Wrath of Cenarius | F25: ='Main(manual)'!F27 -> TRUE | I25: Bloodfury | J25: ='Main(manual)'!J25 -> FALSE | K25: Stat Weights | L25: Weight (dps) | M25: Weight (ap) | N25: Weight (sp)
A26: =Sum(K43:K59) -> 1 | B26: =K43+K46+K49+K44 -> 0.31389209 | C26: =1-B26 -> 0.68610791 | E26: # of spellstrike items | F26: ='Main(manual)'!F28 -> 1 | I26: Elemental Mastery | J26: ='Main(manual)'!J26 -> FALSE | K26: 1 AP = | L26: =(APWeight!B23-B23)/100 -> #REF! | M26: =L26/$L$26 -> #REF! | N26: =L26/$L$35 -> #REF!
E27: T1 5pc | F27: ='Main(manual)'!F10 -> FALSE | I27: Kiss of the Spider | J27: ='Main(manual)'!J27 -> FALSE | K27: 1 str = | L27: =(StrWeight!B23-B23)/100 -> #REF! | M27: =L27/$L$26 -> #REF! | N27: =L27/$L$35 -> #REF!
E28: Hand of Edward | F28: ='Main(manual)'!F26 -> None | I28: Slayer's Crest | J28: ='Main(manual)'!J28 -> FALSE | K28: 1 agi = | L28: =(AgiWeight!B23-B23)/100 -> #REF! | M28: =L28/$L$26 -> #REF! | N28: =L28/$L$35 -> #REF!
I29: Molten Emberstone | J29: ='Main(manual)'!J29 -> FALSE | K29: 1 int = | L29: =(IntWeight!B23-B23)/100 -> #REF! | M29: =L29/$L$26 -> #REF! | N29: =L29/$L$35 -> #REF!
K30: 1% phys crit = | L30: =PhysCritWeight!B23-B23 -> #REF! | M30: =L30/$L$26 -> #REF! | N30: =L30/$L$35 -> #REF!
K31: 1% phys hit = | L31: =PhysHitWeight!B23-B23 -> #REF! | M31: =L31/$L$26 -> #REF! | N31: =L31/$L$35 -> #REF!
K32: 1% haste = | L32: =HasteWeight!B23-B23 -> #REF! | M32: =L32/$L$26 -> #REF! | N32: =L32/$L$35 -> #REF!
K33: 1 wep skill = | L33: =(WepSkillWeight!B23-B23) -> #REF! | M33: =L33/$L$26 -> #REF! | N33: =L33/$L$35 -> #REF!
K34: 1 ArP = | L34: =ArPWeight!B23-B23 -> #REF! | M34: =L34/$L$26 -> #REF! | N34: =L34/$L$35 -> #REF!
K35: 1 SP = | L35: =L37+L36 -> #REF! | M35: =L35/$L$26 -> #REF! | N35: =L35/$L$35 -> #REF!
K36: 1 nature SP = | L36: =NatureWeight!B23-B23 -> #REF! | M36: =L36/$L$26 -> #REF! | N36: =L36/$L$35 -> #REF!
K37: 1 fire SP = | L37: =FireWeight!B23-B23 -> #REF! | M37: =L37/$L$26 -> #REF! | N37: =L37/$L$35 -> #REF!
K38: 1 spell crit = | L38: =SpellCritWeight!B23-B23 -> #REF! | M38: =L38/$L$26 -> #REF! | N38: =L38/$L$35 -> #REF!
K39: 1 spell hit = | L39: =(SpellHitWeight!B23-B23) -> #REF! | M39: =L39/$L$26 -> #REF! | N39: =L39/$L$35 -> #REF!
K40: 1 spell pen = | L40: =SpellPenWeight!B23-B23 -> #REF! | M40: =L40/$L$26 -> #REF! | N40: =L40/$L$35 -> #REF!
A42: Spell | B42: Base | C42: Swing/CD TIme | D42: SP Coeff | E42: AP Coeff | F42: Min | G42: Max | H42: Avg Hit | I42: DPS | J42: TPS | K42: %ofTotalDPS | L42: Mana | M42: MPS | N42: OOM (sec)
A43: Auto-Attacks | B43: =$F$4 -> 3.6 | C43: =$F$4/(1+$N$7) -> 2.9838861 | E43: =14/F4 -> 3.8888889 | F43: =($F$2+($N$3/E43))*(1+U8)*IF($H$13,1.04,1)*(1-$P$12)+IF($H14,8,0) -> 739.89767 | G43: =($F$3+($N$3/E43))*(1+U8)*IF($H$13,1.04,1)*(1-$P$12)+IF($H14,8,0) -> 885.49013 | H43: =((AVERAGE(F43,G43)*$P$5*$P$7)+(AVERAGE(F43,G43)*$P$10*2)+(AVERAGE(F43,G43)*$P$8)+((AVERAGE(F43,G43)-$P$6)*$P$4)) -> 963.61116 | I43: =H43/C43 -> 322.93832 | J43: =I43*(IF($J$3="Rockbiter",1+U3,1)+IF(AND($J$3="Rockbiter",$F$11),U3*U4,0))*IF($J$6,0.75,1)*IF($J$7,0.8,1)*IF($F$17,1.02,1)*IF($F$18,0.98,1)*(1-U7)*(1+U5) -> 237.35966 | K43: =I43/$B$23 -> 0.1796413
A44: Windfury Attack | B44: =$F$4 -> 3.6 | C44: =IF($J$3="Windfury",60/(P19*2),0) -> 0 | F44: =($F$2+(($N$3+323)/$E$43))*(1+U8)*IF($H$13,1.04,1)*(1-$P$12)+IF($H14,8,0) -> 832.91685 | G44: =($F$3+(($N$3+323)/$E$43))*(1+U8)*IF($H$13,1.04,1)*(1-$P$12)+IF($H14,8,0) -> 978.50931 | H44: =((AVERAGE(F44,G44)*$P$5*$P$7)+(AVERAGE(F44,G44)*$P$10*2)+(AVERAGE(F44,G44)*$P$8)+((AVERAGE(F44,G44)-$P$6)*$P$4))*IF(J3="Windfury",1,0) -> 0 | I44: =IF($J$3="Windfury",(H44/C44),0) -> 0 | J44: =I44*(IF($J$3="Rockbiter",1+U3,1)+IF(AND($J$3="Rockbiter",$F$11),U3*U4,0))*IF($J$6,0.7,1)*IF($J$7,0.8,1)*IF($F$17,1.02,1)*IF($F$18,0.98,1)*(1-U7)*(1+U5) -> 0 | K44: =I44/$B$23 -> 0
A45: Flametongue | B45: =$F$4 -> 3.6 | C45: =$F$4/(1+$N$7) -> 2.9838861 | D45: =0.1 -> 0.1 | F45: =(29.5*$F$4+(D45*$N$16))*(1+IF(J3="Flametongue",0.1*$D$12,0))*(1+($D$14*0.05))*(1+($D$17*0.05))*IF($H$18,1.1,1)*IF($H$19,1.15,1)*IF($H$20,1+(0.1*H67),1)*IF(F27,1.45,1) -> 395.00268 | G45: =(29.5*$F$4+(D45*$N$16))*(1+IF(J3="Flametongue",0.1*$D$12,0))*(1+($D$14*0.05))*(1+($D$17*0.05))*IF($H$18,1.1,1)*IF($H$19,1.15,1)*IF($H$20,1+(0.1*H67),1)*IF(F27,1.45,1) -> 395.00268 | H45: =(AVERAGE(F45,G45))*(($N$17+$U$8)*(1.5+($D$17*0.25)))+(AVERAGE(F45,G45))*((MIN(IF($H$3=63,0.83+$N$18,0.96+$N$18-(($H$3-60)*0.01)),0.99))-($N$17+$U$8))*((1-$P$15*0.0025)*$P$13)*(1-P2-P3) -> 456.27338 | I45: =IF($J$3="Flametongue",(H45/C45)+(H45/C46)+(H45/C49)+IF(F23,((H45/C45)+(H45/C46)+(H45/C49))*K67,0)) -> 260.64368 | J45: =I45*(IF($J$3="Rockbiter",1+U3,1)+IF(AND($J$3="Rockbiter",$F$11),U3*U4,0))*IF($J$6,0.7,1)*IF($J$7,0.8,1)*IF($F$17,1.02,1)*IF($F$18,0.98,1)*(1-U7)*(1+U5) -> 178.80156 | K45: =I45/$B$23 -> 0.14498859
A46: Lstrike Physical | B46: 1.5 | C46: =IF($F$10,8.5,9) -> 9 | E46: =14/F4 -> 3.8888889 | F46: =F43*0.6*(1+U8) -> 479.45369 | G46: =G43*0.6*(1+U8) -> 573.79761 | H46: =(AVERAGE(F46,G46)*($P$10+$U$8)*(2*(1+$D$17*0.25))+(AVERAGE(F46,G46)*(1-$P$2-$P$3-$P$4-($P$10+U8)))+((AVERAGE(F46,G46)-$P$6)*$P$4)) -> 873.8826 | I46: =H46/C46 -> 97.098067 | J46: =I46*(IF($J$3="Rockbiter",1+U3,1)+IF(AND($J$3="Rockbiter",$F$11),U3*U4,0))*IF($J$6,0.75,1)*IF($J$7,0.8,1)*IF($F$17,1.02,1)*IF($F$18,0.98,1)*(1-U7)*(1+U5) -> 71.367079 | K46: =I46/$B$23 -> 0.054012864 | L46: =IF($J$2="Lightning",(182*(1-J26*0.2)),(182*(1-J26*0.2))-(150+($N$3/10)))-($P$17*0.6*182) -> 89.512283 | M46: =L46/C46 -> 9.9458092
A47: Lstrike Nature | B47: 1.5 | C47: =IF($F$10,8.5,9) -> 9 | D47: 0.05 | E47: =14/F4 -> 3.8888889 | F47: =(($F$2+($N$3/E43))*(0.2)+($D$47*$N$15))*(1+U8)*IF($H$20,1+(0.1*H67),1)*(1+(D17*0.05))*IF(J23,1+U9,1) -> 260.04773 | G47: =(($F$3+($N$3/E43))*(0.2)+($D$47*$N$15))*(1+U8)*IF($H$20,1+(0.1*H67),1)*(1+(D17*0.05))*IF(J23,1+U9,1) -> 300.02681 | H47: =(AVERAGE(F47,G47)*($P$10+$U$8)*(1.5+($D$17*0.25))+(AVERAGE(F47,G47)*(1-$P$2-$P$3-$P$4-($P$10+U8)))+((AVERAGE(F47,G47)-$P$6)*$P$4))*IF(J23,1+U9,1) -> 455.65564 | I47: =H47/C47 -> 50.628404 | J47: =I47*(IF($J$3="Rockbiter",1+U3,1)+IF(AND($J$3="Rockbiter",$F$11),U3*U4,0))*IF($J$6,0.75,1)*IF($J$7,0.8,1)*IF($F$17,1.02,1)*IF($F$18,0.98,1)*(1-U7)*(1+U5) -> 37.211877 | K47: =I47/$B$23 -> 0.028163126
A48: Empowered LS | B48: 1.5 | C48: =IF($F$10,8.5,9) -> 9 | D48: 0.265 | E48: 0.25 | F48: =IF($J$2="Lightning",(198+(D48*N15)+(E48*$N$3))*IF($J$23,1+U9,1)*IF($F$12,1.15,1)*(1+(D17*0.05))*(1+(D9*0.01))*IF($H$20,1+(0.1*H67),1)*IF(J26,1.15,1),0) -> 1348.7642 | G48: =IF($J$2="Lightning",(198+(D48*N15)+(E48*$N$3))*IF($J$23,1+U9,1)*IF($F$12,1.15,1)*(1+(D17*0.05))*(1+(D9*0.01))*IF($H$20,1+(0.1*H67),1)*IF(J26,1.15,1),0) -> 1348.7642 | H48: =G48*((1-$P$14*0.0025)*$P$13)*(1-P2-P3) -> 1196.8394 | I48: =IF(F15,((H48/C48)+(H48/C43)*0.15+(H48/C46)*0.15+(H48/C49)*0.15+IF(J3="Windfury",H48/C44,0)*0.15)*(1-P2),(H48/C48)*(1-P2)) -> 125.53516 | J48: =IF($J$2="Lightning",I48*(IF($J$3="Rockbiter",1+U3,1)+IF(AND($J$3="Rockbiter",$F$11),U3*U4,0))*IF($J$6,0.75,1)*IF($J$7,0.8,1)*IF($F$17,1.02,1)*IF($F$18,0.98,1)*(1+U5),((150+($N$3/10))/2)*(IF($J$3="Rockbiter",1+U3,1)+IF(AND($J$3="Rockbiter",$F$11),U3*U4,0))*IF($J$6,0.7,1)*IF($J$7,0.8,1)*IF($F$17,1.02,1)*IF($F$18,0.98,1)*(1+U5)) -> 92.268342 | K48: =I48/$B$23 -> 0.069831601 | L48: =IF($J$2="Lightning",(182*(1-J26*0.2)),(182*(1-J26*0.2))-(150+($N$3/10)))-($P$17*0.6*182) -> 89.512283 | M48: =L48/C48 -> 9.9458092
A49: Stormstrike | B49: 1.5 | C49: =IF($F$10,7.5,8) -> 8 | E49: =14/F4 -> 3.8888889 | F49: =$F$43*1.01*(1+U8) -> 807.08038 | G49: =$G$43*1.01*(1+U8) -> 965.89264 | H49: =(AVERAGE(F49,G49)*($P$10+$U$8)*2)+(AVERAGE(F49,G49)*(1-$P$2-$P$3-$P$4-($P$10+U8)))+((AVERAGE(F49,G49)-$P$6)*$P$4) -> 1153.9395 | I49: =H49/C49 -> 144.24244 | J49: =I49*(IF($J$3="Rockbiter",1+U3,1)+IF(AND($J$3="Rockbiter",$F$11),U3*U4,0))*IF($J$6,0.75,1)*IF($J$7,0.8,1)*IF($F$17,1.02,1)*IF($F$18,0.98,1)*(1-U7)*(1+U5) -> 106.01819 | K49: =I49/$B$23 -> 0.080237921 | L49: =(152*(1-J26*0.2))-($P$17*0.6*152) -> 74.757511 | M49: =L49/C49 -> 9.3446889
A50: Earth Shock | B50: 1.5 | C50: =6-($D$13*(1/3)) -> 5 | D50: 0.386 | E50: 0.1 | F50: =(492+(E50*$N$3)+(D50*$N$15)+IF(F7,30,0))*(1+(D17*0.05))*(1+(D9*0.01))*IF($J$23,1+U9,1)*IF(F14,1.1,1)*IF(J26,1.15,1)*IF($H$20,1+(0.1*H67),1) -> 1440.749 | G50: =(520+(E50*$N$3)+(D50*$N$15)+IF(F7,30,0))*(1+(D17*0.05))*(1+(D9*0.01))*IF($J$23,1+U9,1)*IF(F14,1.1,1)*IF(J26,1.15,1)*IF($H$20,1+(0.1*H67),1) -> 1482.6074 | H50: =(AVERAGE(F50,G50))*(($N$17+$U$8+IF($F$14,0.05,0))*(1.5+($D$17*0.25)))+(AVERAGE(F50,G50))*((MIN(IF($H$3=63,0.83+$N$18,0.96+$N$18-(($H$3-60)*0.01)),0.99))-($N$17+$U$8+IF($F$14,0.05,0)))*((1-$P$14*0.0025)*$P$13) -> 1743.1198 | I50: =H50*2/15 -> 232.41597 | J50: =I50*(IF($J$3="Rockbiter",1+U3,1)+IF(AND($J$3="Rockbiter",$F$11),U3*U4,0))*IF($J$6,0.75,1)*IF($J$7,0.8,1)*IF($F$17,1.02,1)*IF($F$18,0.98,1)*1.5*(1+U5) -> 256.23861 | K50: =I50/$B$23 -> 0.12928633 | L50: =(450*(1-($D$10*0.02))*(1-J26*0.2))-($P$17*0.6*450) -> 203.32158 | M50: =L50/C50 -> 40.664316
A51: Flame Shock Initial | B51: 1.5 | C51: =6-($D$13*(1/3)) -> 5 | D51: 0.214 | E51: 0.085 | F51: =(293+(E51*$N$3)+(D51*$N$16)+IF($F$7,30,0))*(1+D9*0.01)*IF(J3="Flametongue",1+(D12*0.1),1)*(1+($D$14*0.05))*(1+($D$17*0.05))*IF($H$18,1.1,1)*IF($H$19,1.15,1)*IF($H$20,1+(0.1*H67),1)*IF(F14,1.1,1)*IF(J26,1.15,1) -> 1404.388 | G51: =(293+(E51*$N$3)+(D51*$N$16)+IF($F$7,30,0))*(1+D9*0.01)*IF(J3="Flametongue",1+(D12*0.1),1)*(1+($D$14*0.05))*(1+($D$17*0.05))*IF($H$18,1.1,1)*IF($H$19,1.15,1)*IF($H$20,1+(0.1*H67),1)*IF(F14,1.1,1)*IF(J26,1.15,1) -> 1404.388 | H51: =(AVERAGE(F51,G51))*(($N$17+$U$8+IF($F$14,0.05,0))*(1.5+($D$17*0.25)))+(AVERAGE(F51,G51))*((MIN(IF($H$3=63,0.83+$N$18,0.96+$N$18-(($H$3-60)*0.01)),0.99))-($N$17+$U$8+IF($F$14,0.05,0)))*((1-$P$15*0.0025)*$P$13) -> 1674.7986 | I51: =H51/15 -> 111.65324 | J51: =I51*(IF($J$3="Rockbiter",1+U3,1)+IF(AND($J$3="Rockbiter",$F$11),U3*U4,0))*IF($J$6,0.75,1)*IF($J$7,0.8,1)*IF($F$17,1.02,1)*IF($F$18,0.98,1)*(1+U5) -> 82.065129 | K51: =I51/$B$23 -> 0.062109487 | L51: =(410*(1-($D$10*0.02))*(1-J26*0.2)-($P$17*0.6*450)) -> 164.92158 | M51: =L51/C51 -> 32.984316
A52: Flame Shock DoT | B52: 1.5 | C52: 1.5 | D52: 0.1 | E52: 0.015 | F52: =(82+(E52*$N$3)+(D52*$N$16)+IF($F$7,30,0))*(1+D9*0.01)*IF(J3="Flametongue",1+(D12*0.1),1)*(1+($D$14*0.05))*(1+($D$17*0.05))*IF($H$18,1.1,1)*IF($H$19,1.15,1)*IF($H$20,1+(0.1*H67),1)*IF(F15,1.1,1)*IF(J26,1.15,1) -> 480.86409 | G52: =(82+(E52*$N$3)+(D52*$N$16)+IF($F$7,30,0))*(1+D9*0.01)*IF(J3="Flametongue",1+(D12*0.1),1)*(1+($D$14*0.05))*(1+($D$17*0.05))*IF($H$18,1.1,1)*IF($H$19,1.15,1)*IF($H$20,1+(0.1*H67),1)*IF(F15,1.1,1)*IF(J26,1.15,1) -> 480.86409 | H52: =(AVERAGE(F52,G52))*MIN(IF($H$3=63,0.83+$N$18,0.96+$N$18-(($H$3-60)*0.01)),0.99)*((1-$P$15*0.0025)*$P$13)*5 -> 2199.3924 | I52: =H52/15 -> 146.62616 | J52: =I52*(IF($J$3="Rockbiter",1+U3,1)+IF(AND($J$3="Rockbiter",$F$11),U3*U4,0))*IF($J$6,0.75,1)*IF($J$7,0.8,1)*IF($F$17,1.02,1)*IF($F$18,0.98,1)*(1+U5) -> 107.77023 | K52: =I52/$B$23 -> 0.081563919
A53: Lightning Shield | B53: 3.5 | C53: =$H$7 -> 4 | D53: 0.267 | F53: =(198+($N$15*$D$53))*(1+(D17*0.05))*(1+(D9*0.01))*IF(J26,1.15,1)*IF($H$20,1+(0.1*H67),1)*IF(J23,1+U9,1) -> 591.27447 | G53: =(198+($N$15*$D$53))*(1+(D17*0.05))*(1+(D9*0.01))*IF(J26,1.15,1)*IF($H$20,1+(0.1*H67),1)*IF(J23,1+U9,1) -> 591.27447 | H53: =F53*((1-$P$14*0.0025)*$P$13) -> 555.79801 | I53: =IF(H6,H53/H7,0) -> 0 | J53: =I53*(IF($J$3="Rockbiter",1+U3,1)+IF(AND($J$3="Rockbiter",$F$11),U3*U4,0))*IF($J$6,0.75,1)*IF($J$7,0.8,1)*IF($F$17,1.02,1)*IF($F$18,0.98,1)*(1+U5) -> 0 | K53: =IF(H6,I53/$B$23,0) -> 0 | L53: =370 -> 370 | M53: =L53/(9*H7) -> 10.277778
A54: Water Shield | B54: 3.5 | C54: =$H$7 -> 4 | F54: N/A | G54: N/A | H54: N/A | I54: N/A | J54: =65/H7 -> 16.25 | K54: N/A | L54: -130 | M54: =-130/H7 -> -32.5
A55: Searing | B55: 2.2 | C55: =2.2*(1-D16*0.1)+0.1 -> 1.86 | D55: 0.167 | F55: =(40+(D55*$N$16))*(1+($D$14*0.05))*(1+(IF(J3="Flametongue",($D$12*0.1),0)))*(1+($D$17*0.05))*(1+($D$9*0.01))*IF($H$18,1.1,1)*IF($H$19,1.15,1)*IF($H$20,1+(0.1*H67),1) -> 381.97525 | G55: =(54+(D55*$N$16))*(1+($D$14*0.05))*(1+(IF(J3="Flametongue",($D$12*0.1),0)))*(1+($D$17*0.05))*(1+($D$9*0.01))*IF($H$18,1.1,1)*IF($H$19,1.15,1)*IF($H$20,1+(0.1*H67),1) -> 413.6399 | H55: =(AVERAGE(F55,G55))*(($N$17+$U$8)*(1.5+($D$17*0.25)))+(AVERAGE(F55,G55))*((MIN(IF($H$3=63,0.83+$N$18,0.96+$N$18-(($H$3-60)*0.01)),0.99))-($N$17+$U$8))*((1-$P$15*0.0025)*$P$13) -> 474.40419 | I55: =IF(J4="Searing",H55/C55,0)+IF(J4="Nova+Searing",((H55*(ROUNDDOWN((15-(4-D16))/C55,0)))/15),0) -> 189.76168 | J55: =(H55/C55)*(IF($J$3="Rockbiter",1+U3,1)+IF(AND($J$3="Rockbiter",$F$11),U3*U4,0))*IF($J$6,0.7,1)*IF($J$7,0.8,1)*IF($F$17,1.02,1)*IF($F$18,0.98,1)*(0+U2)*(1+U5) -> 0 | K55: =IF(J4="Searing",I55/$B$23,0)+IF(J4="Nova+Searing",I55/B23,0) -> 0.10555897 | L55: 170 | M55: =L55/55 -> 3.0909091
A56: Magma | B56: 2 | C56: 2 | D56: 0.0333 | F56: =(75+(D56*$N$16))*(1+($D$14*0.05))*(1+(IF(J3="Flametongue",($D$12*0.1),0)))*(1+($D$17*0.05))*(1+($D$9*0.01))*IF($H$18,1.1,1)*IF($H$19,1.15,1)*IF($H$20,1+(0.1*H67),1) -> 227.7585 | G56: =(75+(D56*$N$16))*(1+($D$14*0.05))*(1+(IF(J3="Flametongue",($D$12*0.1),0)))*(1+($D$17*0.05))*(1+($D$9*0.01))*IF($H$18,1.1,1)*IF($H$19,1.15,1)*IF($H$20,1+(0.1*H67),1) -> 227.7585 | H56: =(AVERAGE(F56,G56))*(($N$17+$U$8)*(1.5+($D$17*0.25)))+(AVERAGE(F56,G56))*((MIN(IF($H$3=63,0.83+$N$18,0.96+$N$18-(($H$3-60)*0.01)),0.99))-($N$17+$U$8))*((1-$P$15*0.0025)*$P$13) -> 271.61269 | I56: =IF(J4="Magma",(H56/C56)*H4,0)+IF(J4="Nova+Magma",((H56*(ROUNDDOWN((15-(4-D16))/C56,0)))/15)*H4,0) -> 0 | J56: =(H56/C56)*(IF($J$3="Rockbiter",1+U3,1)+IF(AND($J$3="Rockbiter",$F$11),U3*U4,0))*IF($J$6,0.7,1)*IF($J$7,0.8,1)*IF($F$17,1.02,1)*IF($F$18,0.98,1)*(0+U2)*(1+U5)*(1-D16*0.25) -> 0 | K56: =IF(J4="Magma",I56/$B$23,0)+IF(J4="Nova+Magma",I56/B23,0) -> 0 | L56: 650 | M56: =L56/20 -> 32.5
A57: Nova | B57: 4 | C57: =15 -> 15 | D57: 0.143 | F57: =(413+(D57*$N$16))*(1+($D$14*0.05))*(1+(IF(J3="Flametongue",($D$12*0.1),0)))*(1+($D$17*0.05))*(1+($D$9*0.01))*IF($H$18,1.1,1)*IF($H$19,1.15,1)*IF($H$20,1+(0.1*H67),1) -> 1183.7193 | G57: =(459+(D57*$N$16))*(1+($D$14*0.05))*(1+(IF(J3="Flametongue",($D$12*0.1),0)))*(1+($D$17*0.05))*(1+($D$9*0.01))*IF($H$18,1.1,1)*IF($H$19,1.15,1)*IF($H$20,1+(0.1*H67),1) -> 1287.7603 | H57: =(AVERAGE(F57,G57))*(($N$17+$U$8)*(1.5+($D$17*0.25)))+(AVERAGE(F57,G57))*((MIN(IF($H$3=63,0.83+$N$18,0.96+$N$18-(($H$3-60)*0.01)),0.99))-($N$17+$U$8))*((1-$P$15*0.0025)*$P$13) -> 1473.6777 | I57: =IF(J4="Nova",(H57/C57)*H4,0)+IF(J4="Nova+Magma",(H57/C57)*H4,0)+IF(J4="Nova+Searing",(H57/C57)*H4,0) -> 98.245178 | J57: =(H57/C57)*(IF($J$3="Rockbiter",1+U3,1)+IF(AND($J$3="Rockbiter",$F$11),U3*U4,0))*IF($J$6,0.7,1)*IF($J$7,0.8,1)*IF($F$17,1.02,1)*IF($F$18,0.98,1)*(0+U2)*(1+U5) -> 0 | K57: =I57/$B$23 -> 0.054650969 | L57: 525 | M57: =L57/15 -> 35
A58: Stoneclaw | B58: 2 | C58: 1.5 | F58: 0 | G58: 0 | H58: 0 | J58: =((150/C58)*(IF($J$3="Rockbiter",1+U3,1)+IF(AND($J$3="Rockbiter",$F$11),U3*U4,0))*IF($J$6,0.7,1)*IF($J$7,0.8,1)*IF($F$17,1.02,1)*IF($F$18,0.98,1)*(0+U2)*(1+U5)*MIN(IF($H$3=63,0.83+$N$18,0.96+$N$18-(($H$3-60)*0.01)),0.99))*H4 -> 0 | K58: =I58/$B$23 -> 0 | L58: 140
A59: Procs | D59: ` | I59: =IF(F22,C67,0)+IF(F21,C66,0)+IF(F23,C68,0)+IF(F9,C69,0)+IF(F24,C70,0)+IF(L23,D112,0)+IF(G86,D86,0) -> 17.89582 | J59: =I59*(IF($J$3="Rockbiter",1+U3,1)+IF(AND($J$3="Rockbiter",$F$11),U3*U4,0))*IF($J$6,0.75,1)*IF($J$7,0.8,1)*IF($F$17,1.02,1)*IF($F$18,0.98,1)*(1+U5) -> 13.153428 | K59: =I59/$B$23 -> 0.0099549303
A60: Rotation | B60: Mana Threat | C60: Calming Winds Avg | D60: ES Avg | E60: Other Avg | F60: Fire Totem Avg | G60: Avg Total | H60: DPS | I60: TPS | J60: Mana | K60: MPS | L60: Out Of Mana (sec)
A61: 1 FS / 2 ES | C61: =(($H$43/$C$43))+IF($J$3="Flametongue",(H45/C45)+(H45/C46)+(H45/C49),0)+(IF($J$3="Windfury",$H$44*$P$19*2/60,0)+(($H$46+$H$47)/$C$46)+($H$49/$C$49)) -> 875.5509 | D61: =$H$50*2/15 -> 232.41597 | E61: =IF($H$6,IF($J$2="Lightning",$H$53/$H$7,0),0)+IF(J2="Lightning",I48,0)+(($H$51+$H$52)/15)+IF(F21,C66,0)+IF(F22,C67,0)+IF(F9,IF(H6,C69,0),0)+IF(F23,C68,0)+IF(F24,C70,0)+IF(G86,D86,0)+IF(L23,D112,0)+IF(F28="Molten Blast",E119,0)+IF(F28="Lightning Bolt",E116,0) -> 401.71038 | F61: =IF(J4="Magma",I56,0)+IF($J$4="Searing",I55,0)+IF($J$4="Nova",I57,0)+B76+B77 -> 288.00685 | G61: =SUM(C61,D61,E61,F61) -> 1797.6841 | H61: =((($H$51+$H$52)+($H$50*2))/15)+($H$43/$C$43)+IF($J$3="Flametongue",($H$45/$C$45)+($H$45/(60/(60/$C$46+$C$49))),0)+(IF($J$3="Windfury",$H$44*$P$19*2/60,0)+(($H$46+$H$47+$H$48)/$C$46)+($H$49/$C$49)+(IF($J$4="Searing",$H$55/$C$55,0)+(IF($J$4="Magma",$H$56/$C$56,0))))+IF($H$6,IF($J$2="Lightning",$H$53/$H$7,0),0)+IF($F$21,$C$66,0)+IF($F$22,$C$67,0)+IF($F$23,$C$68,0)+IF(J4="Nova",H57/C57,0)+B76+B77+IF(H6,IF(F9,C69,0),0) -> 1791.0376 | I61: =((C61*(1-$U$7))+(D61*1.5)+E61+(F61*($D$4*0.45)))*((IF($J$3="Rockbiter",1+$U$3,1)+IF(AND($J$3="Rockbiter",$F$11),$U$3*$U$4,0))*(1+$U$5)*IF($J$6,0.75,1)*IF($J$7,0.8,1)*IF($F$17,1.02,1)*IF($F$18,0.98,1))+IF(J5,J58,0) -> 1195.0257
A62: ES only | C62: =(($H$43/$C$43))+IF($J$3="Flametongue",(H45/C45)+(H45/C46)+(H45/C49),0)+(IF($J$3="Windfury",$H$44*$P$19*2/60,0)+(($H$46+$H$47)/$C$46)+($H$49/$C$49)) -> 875.5509 | D62: =$H$50/5 -> 348.62396 | E62: =IF($H$6,IF($J$2="Lightning",$H$53/$H$7,0),0)+IF(J2="Lightning",I48,0)+IF(F21,C66,0)+IF(F22,C67,0)+IF(F9,IF(H6,C69,0),0)+IF(F24,C70,0)+IF(G86,D86,0)+IF(L23,D112,0)+IF(F26="Molten Blast",E119,0)+IF(F26="Lightning Bolt",E116,0) -> 143.43098 | F62: =IF(J4="Magma",I56,0)+IF($J$4="Searing",I55,0)+IF($J$4="Nova",I57,0)+B76+B77 -> 288.00685 | G62: =C62+D62+E62+F62 -> 1655.6127 | H62: =($H$50/5)+($H$43/$C$43)+IF($J$3="Flametongue",($H$45/$C$45)+($H$45/(60/(60/$C$46+$C$49))),0)+(IF($J$3="Windfury",$H$44*$P$19*2/60,0)+(($H$46+$H$47+$H$48)/$C$46)+($H$49/$C$49)+(IF($J$4="Searing",$H$55/$C$55,0)+(IF($J$4="Magma",$H$56/$C$56,0))))+IF($H$6,IF($J$2="Lightning",$H$53/$H$7,0),0)+IF($F$21,$C$66,0)+IF($F$22,$C$67,0)+IF($F$23,$C$68,0)+IF(J4="Nova",H57/C57,0)+B76+B77+IF(H6,IF(F9,C69,0),0) -> 1648.9662 | I62: =((C62*(1-$U$7))+(D62*1.5)+E62+(F62*($D$4*0.45)))*((IF($J$3="Rockbiter",1+$U$3,1)+IF(AND($J$3="Rockbiter",$F$11),$U$3*$U$4,0))*(1+$U$5)*IF($J$6,0.75,1)*IF($J$7,0.8,1)*IF($F$17,1.02,1)*IF($F$18,0.98,1))+IF(J5,J58,0) -> 1133.3096
A65: Procs | B65: Avg dmg | C65: Dps
A66: Sulfuras proc: | B66: =(((273+333)/2)+75)*(IF(J3="Flametongue",1+(D12*0.1),1)*(1+(D17*0.05)))*IF(H18,1.1,1)*IF(H19,1.15,1)*IF(H20,1.1,1)*(1+(N17/2))*(0.82+N18)*P13 -> 742.97061 | C66: =(B66*((((60/C43)+(60/C46)+(60/C49)+IF(J3="Windfury",60/C44,0))*1-$P$2)*0.185))/60 -> 78.389026 | E66: Crusader proc chance | G66: Nightfall proc chance | H66: 0.116 | J66: Fist proc chance: | K66: =1.2/(60/3.6) -> 0.072
A67: Neretzek proc: | B67: =((141+163)/2)+(N15-55)*IF(H18,1.1,1)*IF(H19,1.15*1.2,1)*IF(H20,1.1,1)*(1+((N17)/2))*(0.82+N18)*P13 -> 1281.4413 | C67: =(B67*((((60/C43)+(60/C46)+(60/C49)+IF(J3="Windfury",60/C44,0))*(1-P2))*0.08633)/60) -> 59.656053 | E67: =1/(60/F4) -> 0.06 | G67: Nightfall uptime | H67: =1-EXP(-((H66*(1-SUM(P2:P3))/C43)+IF(J3="Windfury",(H66*(1-SUM(P2:P3))/C44),0)+(H66*(1-SUM(P2:P3))/C46)+(H66*(1-SUM(P2:P3))/C49))*7) -> 0.35459351 | J67: DTC proc chance: | K67: =1.2/(60/3.4) -> 0.068
A68: DTC proc: | B68: =250*(1-P12)*(1+P10)*IF(H13,1.04,1) -> 331.2384 | C68: =((B68/C43)*K67+(B68/C46)*K67+(B68/C49)*K67+IF(J3="Windfury",(B68/C44)*K67,0))*(1-SUM(P2:P3)) -> 12.14629
A69: Totem of Tides: | B69: =((25+33)/2)*(1+(D9*0.01))*IF(H18,1.1,1)*IF(H20,1.1,1)*(1+($N$17/2))*(0.83+$N$18)*$P$13*(H4) -> 36.772155 | C69: =IF(AND(H6,J2="Water"),B69/2,0) -> 0
A70: Forgotten order proc: | B70: =(((175+250)/2)+((N15-55)*0.25))*(1-SUM(P2:P3))*(P13)*(1+(N17/2))*(0.83+N18) -> 361.49225 | C70: =((B70/C43)*K66+(B70/C46)*K66+(B70/C49)*K66+IF(J3="Windfury",(B70/C44)*K66,0))*(1-SUM(P2:P3)) -> 14.035424
A71: Ft per min | B71: Ls nature hit | C71: Lshield hits | D71: Shocks | E71: Neretzek? | F71: Spellstrike | G71: Total Spell Hits | H71: w/ spellstrike
A72: =((60/C45)+(60/C46)+(60/C49))*(0.83+$N$18)*(1-$P$2) -> 31.486749 | B72: 0 | C72: =(60/C46)*(1-P2) -> 6.2933333 | D72: =(60/5)*(0.83+$N$18) -> 11.677873 | E72: =IF($F$23,$A$72*0.08,0) -> 0 | F72: =$A$72*($F$26*1) -> 31.486749 | G72: =SUM(A72:E72) -> 49.457956 | H72: =SUM(A72:F72) -> 80.944705
A75: Totem weave | B75: Dps
A76: Nova+Searing | B76: =IF(J4="Nova+Searing",((H57/15)+((H55*(ROUNDDOWN((15-(4-D16))/C55,0)))/15))*H4,0) -> 288.00685
A77: Nova+Magma | B77: =IF(J4="Nova+Magma",((H57/15)+((H56*(ROUNDDOWN((15-(4-D16))/C56,0)))/15))*H4,0) -> 0
A80: Totem of Tides
B81: 25-33 base damage
B82: 2s icd
B85: Dmg | C85: Procs | D85: DPS | E85: Self DPS | F85: Fire res | G85: Forbidden checkbox
A86: OBD | B86: =(250+(N16*0.4286))*IF(J3="Flametongue",1.3,1)*(1+(D17*0.05))*IF(H19,1.15,1)*IF(H18,1.1,1)*IF(H20,1.05,1) -> 1103.1254 | C86: =IF(AND(J3="Flametongue",F26=0),A72*0.2,0)+IF(AND(J3="Flametongue",F26=1),A72*0.36,0)+IF(AND(J3="Flametongue",F26=2),A72*0.488,0)+IF(AND(J3="Flametongue",F26=3),A72*0.5904,0)+D72*0.2 -> 13.670804 | D86: =(B86*C86/60)*(0.83+N18)*P13*((1-$P$15*0.0025)) -> 229.9207 | E86: =(B86*C86/60)*(1-(F86*0.0025))*(0.88) -> 118.88549 | F86: ='Main(manual)'!F86 -> 185 | G86: ='Main(manual)'!G86 -> FALSE
A92: T3.5 3pc | B92: Melee attacks, ss, ls, 15% chance to proc EMPOWERED ls
B93: If its empowered: | C93: =IF(F15,((H48/C48)+(H48/C43)*0.15+(H48/C46)*0.15+(H48/C49)*0.15)*(1-P2),(H48/C48)*(1-P2)) -> 125.53516
B94: If its normal: | C94: =IF(H6,H53/H7,0)+IF(AND(J2="Lightning",F15),((H53/C43)*0.15+(H53/C46)*0.15+(H53/C49)*0.15)*(1-P2),0) -> 0
A97: T3.5 5pc | B97: 5% str, 10% haste, 10% chance on autos/wf hits
B111: Damage | C111: Procs | D111: DPS | E111: Effective Coef. | F111: Stat weight add
A112: Dragonbreath Chili | B112: =(65+N16*0.33)*IF(J3="Flametongue",1.3,1)*(1+(0.05*D12))*(1+(N17/2))*(0.83+N18)*P13*(1-SUM(P2:P3))*IF(H18,1.1,1)*IF(H19,1.15,1)*IF(H20,1.1,1) -> 626.55548 | C112: =(60/C43)*0.05+(60/C46)*0.05+(60/C49)*0.05+IF(J3="Windfury",(60/C44)*0.05,0) -> 1.7137336 | D112: =(B112*C112)/60 -> 17.89582 | E112: =0.33*IF(J3="Flametongue",1.3,1)*(1+(0.05*D12))*(1+(N17/2))*(0.83+N18)*P13*(1-SUM(P2:P3))*IF(H18,1.1,1)*IF(H19,1.15,1)*IF(H20,1.1,1) -> 0.64678025 | F112: =(E112*C112)/60 -> 0.018473485
A115: Hand of Edward | B115: Damage | C115: Proc chance | D115: PPM | E115: Dps
A116: Lightning Bolt | B116: =(AVERAGE(450,501)+N15*(3/3.5))*1.05*1.1*1.1666*1.05*(1+(N17))*(0.83+N18)*P13 -> 1697.4645 | C116: =2.4/(60/1.6) -> 0.064 | D116: =C116*(60/C43+IF(J3="Windfury",60/C44,0)+60/C46+60/C49)*(1-P2) -> 2.0707386 | E116: =B116*D116/60 -> 58.583422
A117: Chain Lightning | B117: =(AVERAGE(493,552)+N15*(2.5/3.5))*1.05*1.1*1.1666*1.05*(1+(N17))*(0.83+N18)*P13 -> 1607.6942 | C117: =2.4/(60/1.6) -> 0.064 | D117: =C116*(60/C43+IF(J3="Windfury",60/C44,0)+60/C46+60/C49)*(1-P2) -> 2.0707386 | E117: =B117*D117/60 -> 55.485243
A118: Molten Blast | B118: =(AVERAGE(290,332)+N16*(2/3.5))*(1+D9*0.01)*IF(J3="Flametongue",1+(D12*0.1),1)*(1+($D$14*0.05))*(1+($D$17*0.05))*IF($H$18,1.1,1)*IF($H$19,1.15,1)*IF($H$20,1+(0.1*H67),1)*IF(F16,1.1,1)*IF(J26,1.15,1) -> 1700.8579 | C118: =2.4/(60/1.6) -> 0.064 | D118: =C116*(60/C43+IF(J3="Windfury",60/C44,0)+60/C46+60/C49)*(1-P2) -> 2.0707386 | E118: =B118*D118/60 -> 58.700534
A119: Rekindle | B119: =((G52*5)*(0.83+N18)*(1+N17/(2-D17*0.5)))*B120*(0.3*(D19)+IF(B121,0.2,0))*(0.83+N18)*(P13-0.0025*P15)*IF(J3="Flametongue",1+0.1*D12,1)*(1+0.05*D17)*(1+0.05*D14)*(1+0.01*D9)*IF(H18,1.1,1)*IF(H19,1.15,1)*IF(H20,1.05,1) -> 1740.7958 | E119: =E118+(B119*D118/60) -> 118.77942
A120: % of FlS Refreshed | B120: ='Main(manual)'!B120 -> 0.6
A121: Totem of Eruption | B121: ='Main(manual)'!B121 -> TRUE

Sheet StrWeight3
A1: Character Stats (In Gear) | C1: Talents | E1: Weps/Sets/Relics | G1: Encounter/Target | I1: Buffs | K1: Consumables | M1: Final Attributes | O1: Final Encounter Parameters | T1: Threat coefficients (and other modifiers)
A2: Bonus Strength | B2: ='Main(manual)'!B2+100 -> 192 | C2: Ancestral Knowledge | D2: ='Main(manual)'!D2 -> 5 | E2: Min Weapon Dam | F2: ='Main(manual)'!F2 -> 259 | G2: Fight Duration (sec) | H2: ='Main(manual)'!H2 -> 60 | I2: Shield | J2: ='Main(manual)'!J2 -> Lightning | K2: # of Major Mana | L2: ='Main(manual)'!L2 -> 1 | M2: Strength | N2: =ROUNDDOWN((IF(B19="Tauren",90,86)+IF(B19="Orc",2,0)+$B$2+IF($L$5,25,0)+IF($L$13,20,0)+IF($L$10,25,0)+IF($J$11,16,0)+ROUNDDOWN(IF($J$12,77*(1+U6),0),0)+IF($L$8,30,0))*IF($J$10,1.1,1)*(($D$2*0.01)+1)*IF(F16,1+(0.05*$R$2),1)+IF(F19,((100*(1+(D2*0.01))*IF(J10,1.1,1))*P24*IF(F16,1+(0.05*$R$2),1)),0)+IF(F24,((50*(1+(D2*0.01))*IF(J10,1.1,1))*R3*IF(F16,1+(0.05*$R$2),1)),0),0) -> 486 | O2: Miss+Dodge% | P2: =10%+((H3-60)*1.5%)-(MIN(B8-300,15)*0.001)-MIN($N$6,((H3-60)*1%)+5%) -> 0.056 | Q2: T3.5 5pc Uptime | R2: =1 - EXP( -( (0.1 * (1 - SUM(P2:P3)) / C43) + IF(AND(J3="Windfury",C44>0),(0.1 * (1 - SUM(P2:P3)) / C44),0) ) * 12 ) -> 0.31589178 | T2: Totemic Alignment | U2: =D4*0.45 -> 0
A3: Melee AP | B3: ='Main(manual)'!B3 -> 0 | C3: Thundering Strikes | D3: ='Main(manual)'!D3 -> 5 | E3: Max Weapon Dam | F3: ='Main(manual)'!F3 -> 389 | G3: Level | H3: ='Main(manual)'!H3 -> 63 | I3: Imbue | J3: ='Main(manual)'!J3 -> Flametongue | K3: # of Tea | L3: ='Main(manual)'!L3 -> 1 | M3: Melee AP | N3: =ROUNDDOWN((100+$B$3+IF($J$15,55,0)+(($N$2*2)+IF($L$7,35,0)+IF($L$9,40,0)+(P20*130)+IF($J$8,290,0)+IF($J$9,222,0)+IF($J$15,30,0)+IF($J$3="Rockbiter",653,0)+IF(AND($J$3="Rockbiter",$F$11),653*U4,0)+IF($J$25,(120*(15/MAX(H2,15))))+IF($J$28,(260*(20/MAX(H2,20))))+IF($J$29,(200*(20/MAX(H2,20))))))*IF($J$15,1.05,1),0) -> 1694 | O3: Parry% | P3: =IF($H$3=63,14%,5%+(($H$3-60)*0.75%))*IF($H$5,0,1) -> 0 | Q3: ForgottenOrder | R3: =1-EXP(-((K67*(1-SUM(P2:P3))/C43)+IF(J3="Windfury",(K67*(1-SUM(P2:P3))/C44),0)+(K67*(1-SUM(P2:P3))/C46)+(K67*(1-SUM(P2:P3))/C49))*15) -> 0.42307324 | T3: Rockbiter | U3: 0.35
A4: Bonus Agility | B4: ='Main(manual)'!B4 -> 77 | C4: Totemic Alignment | D4: ='Main(manual)'!D4 -> 0 | E4: Weapon Speed | F4: ='Main(manual)'!F4 -> 3.6 | G4: No. of Targets | H4: ='Main(manual)'!H4 -> 1 | I4: Fire Totem | J4: ='Main(manual)'!J4 -> Nova+Searing | K4: # of Rune | L4: ='Main(manual)'!L4 -> 0 | M4: Agility | N4: =ROUNDDOWN(($B$4+IF(B19="Tauren",50,52)+IF(B19="Troll",5,0)+IF($J$11,16,0)+IF($L$6,25,0)+IF($L$11,25,0)+ROUNDDOWN(IF($J$13,77*(1+U6),0),0))*IF($J$10,1.1,1)*(($D$2*0.01)+1),0) -> 291 | O4: Block% | P4: =IF($H$5,0,5%) -> 0 | T4: T2.5 Rockbiter buff | U4: 0.25
A5: Phys Crit | B5: ='Main(manual)'!B5 -> 0.04 | C5: Calming Winds | D5: ='Main(manual)'!D5 -> 0 | E5: Stonebreaker Totem | F5: ='Main(manual)'!F5 -> TRUE | G5: Attacking Behind | H5: ='Main(manual)'!H5 -> TRUE | I5: Stoneclaw totem | J5: ='Main(manual)'!J5 -> FALSE | K5: Elixir of Giants | L5: ='Main(manual)'!L5 -> TRUE | M5: Phys Crit | N5: =$N$4/2000+($D$3/100)+IF($L$6,0.02,0)+IF(J14,0.03,0)+B5+0.017+(0.0004*($B$8-300)) -> 0.3077 | O5: Glancing Chance | P5: =10%+(10%*($H$3-60)) -> 0.4 | T5: Spirit Armor | U5: =0.05*D18*F20 -> 0
A6: Phys Hit | B6: ='Main(manual)'!B6 -> 0.02 | C6: Flurry | D6: ='Main(manual)'!D6 -> 5 | E6: Crackling Totem | F6: ='Main(manual)'!F6 -> TRUE | G6: Being Attacked | H6: ='Main(manual)'!H6 -> FALSE | I6: Salvation | J6: ='Main(manual)'!J6 -> TRUE | K6: Mongoose | L6: ='Main(manual)'!L6 -> TRUE | M6: Phys Hit | N6: =$B$6+($D$11/100)+(B8-300)*0.002 -> 0.076 | O6: Block Value | P6: 38 | T6: Enhancing Totems | U6: =0.125*D7 -> 0
A7: Haste | B7: ='Main(manual)'!B7 -> 0.03 | C7: Enhancing Totems | D7: ='Main(manual)'!D7 -> 0 | E7: Totem of Rage | F7: ='Main(manual)'!F7 -> TRUE | G7: Shield Proc Interval | H7: ='Main(manual)'!H7 -> 4 | I7: Tranquil Air | J7: ='Main(manual)'!J7 -> FALSE | K7: Firewater | L7: ='Main(manual)'!L7 -> TRUE | M7: Haste | N7: =(1+B7)*IF(F16,1+(0.1*R2),1)*IF($L$12,1.02,1)*IF($J$17,MIN(1+(0.2*(30/H2)),1.2),1)*(1+((IF(D6>=1,0.05,0)+($D$6*0.03))*P18))*(1+(0.08*$P$21))*IF($J$24,1+(0.1*(10/H2)),1)*IF($J$27,MIN(1+(0.2*(15/H2)),1.2),1)-1 -> 0.20648036 | O7: Glancing Damage | P7: =MIN(65%+((B8-300)*2%),95% ) -> 0.91 | T7: Calming Winds | U7: =0.0833*D5*NOT(F20) -> 0
A8: Weapon Skill | B8: ='Main(manual)'!B8 -> 313 | C8: Element's Grace | D8: ='Main(manual)'!D8 -> 4 | E8: Broken Earth totem | F8: ='Main(manual)'!F8 -> FALSE | G8: Armour | H8: ='Main(manual)'!H8 -> 4211 | I8: Battle Shout | J8: ='Main(manual)'!J8 -> TRUE | K8: Juju Power | L8: ='Main(manual)'!L8 -> FALSE | M8: Intellect | N8: =ROUNDDOWN(($B$10+IF(B19="Tauren",85,86)+IF(B19="Troll",1,0)+IF($J$18,31,0)+IF($J$11,16,0))*IF($J$10,1.1,1)*(1+($D$2*0.01)),0) -> 336 | O8: Hit% | P8: =100%-SUM(P2:P5)-MIN(P9,N5-((H3-60)*0.01)) -> 0.2663 | T8: Element's Grace | U8: =0.02*D8 -> 0.08
A9: Armor Pen | B9: ='Main(manual)'!B9 -> 500 | C9: Concussion | D9: ='Main(manual)'!D9 -> 5 | E9: Totem of Tides | F9: ='Main(manual)'!F9 -> FALSE | G9: Sunder Armour | H9: ='Main(manual)'!H9 -> TRUE | I9: Might | J9: ='Main(manual)'!J9 -> TRUE | K9: Juju Might | L9: ='Main(manual)'!L9 -> FALSE | M9: MP5 | N9: =$B$11+IF($L$15,12,0) -> 12 | O9: Crit Cap | P9: =100%-SUM(P2:P5) -> 0.544 | T9: Stormstrike | U9: =J23*0.25 -> 0.25
A10: Bonus Intellect | B10: ='Main(manual)'!B10 -> 157 | C10: Convection | D10: ='Main(manual)'!D10 -> 2 | E10: T2 3pc | F10: ='Main(manual)'!F11 -> FALSE | G10: Curse of Reck | H10: ='Main(manual)'!H10 -> TRUE | I10: Kings | J10: ='Main(manual)'!J10 -> TRUE | K10: R.O.I.D.S | L10: ='Main(manual)'!L10 -> TRUE | M10: Spirit | N10: =ROUNDDOWN(($B$12+IF($B$19="Tauren",102,101)+IF($B$19="Orc",1,0)+IF($L$14,50,0)+IF($J$19,40,0)+IF($J$11,16,0))*IF($J$10,1.1,1)*(1+($D$2*0.01)),0) -> 244 | O10: Crit% Post Suppression | P10: =N5-((H3-60)*0.01) -> 0.2777
A11: MP5 | B11: ='Main(manual)'!B11 -> 0 | C11: Ele Devastation | D11: ='Main(manual)'!D11 -> 3 | E11: T2.5 5pc | F11: ='Main(manual)'!F12 -> FALSE | G11: Faerie Fire | H11: ='Main(manual)'!H11 -> TRUE | I11: MotW | J11: ='Main(manual)'!J11 -> TRUE | K11: Scorpok Assay | L11: ='Main(manual)'!L11 -> FALSE | M11: Meditation | N11: =$B$13+IF($J$20,0.05,0) -> 0.05 | O11: Effective Armour | P11: =H8-B9-IF(H9,2250,0)-IF(H12,2550,0)+IF(AND(H9,H12),2250,0)-IF(H10,640,0)-IF(H11,505,0) -> 16
A12: Bonus Spirit | B12: ='Main(manual)'!B12 -> 5 | C12: Elemental Weapons | D12: ='Main(manual)'!D12 -> 3 | E12: T3 2pc | F12: ='Main(manual)'!F13 -> TRUE | G12: Improved EA | H12: ='Main(manual)'!H12 -> TRUE | I12: Strength of Earth | J12: ='Main(manual)'!J12 -> TRUE | K12: Tel'Abim Medley | L12: ='Main(manual)'!L12 -> FALSE | M12: Mana Per 2 (5SR) | N12: =(17+(($N$10/5)*$N$11)+($N$9/2.5))+IF($J$22,10,0)+IF($J$21,15.6,0) -> 49.84 | O12: Armour DR | P12: =P11 / (P11 + 400 + 85 * 60) -> 0.0029006526
A13: Meditation | B13: ='Main(manual)'!B13 -> 0 | C13: Reverberation | D13: ='Main(manual)'!D13 -> 3 | E13: T3 4pc | F13: ='Main(manual)'!F14 -> FALSE | G13: Hemorrhage | H13: ='Main(manual)'!H13 -> TRUE | I13: Grace of Air | J13: ='Main(manual)'!J13 -> TRUE | K13: Power Mushroom | L13: ='Main(manual)'!L13 -> FALSE | M13: Raw Mana Pool | N13: =1240+($N$8*15) -> 6280 | O13: NPC Level Resist | P13: =1-(($H$3-60)*0.02) -> 0.94
A14: Spell Pen | B14: ='Main(manual)'!B14 -> 0 | C14: Call of Flame | D14: ='Main(manual)'!D14 -> 3 | E14: T3 6pc | F14: ='Main(manual)'!F15 -> FALSE | G14: Gift of Arthas | H14: ='Main(manual)'!H14 -> FALSE | I14: Leader of Pack | J14: ='Main(manual)'!J14 -> TRUE | K14: Zanza | L14: ='Main(manual)'!L14 -> TRUE | M14: Final Mana Pool | N14: =N13+(L2*2250)+(L3*1350)+(L4*1550)+(H2/2*N12)+((N19*59/60)*H2)+IF(J2="Water",130*(H2/H7),0) -> 14160.987 | O14: Effective NR | P14: =(MAX($H$15-$B$14-IF($H$17,25,0),0)) -> 0
A15: Nature Spellpower | B15: ='Main(manual)'!B15 -> 385 | C15: Elemental Focus | D15: ='Main(manual)'!D15 -> 1 | E15: T3.5 3pc | F15: ='Main(manual)'!F16 -> FALSE | G15: NR | H15: ='Main(manual)'!H15 -> 15 | I15: Trueshot Aura | J15: ='Main(manual)'!J15 -> FALSE | K15: Mageblood | L15: ='Main(manual)'!L15 -> TRUE | M15: Nature Spellpower | N15: =B15+IF(L16,150,0)+IF(L17,35,0)+IF(L18,55,0)+IF(L20,35,0)+IF(L21,15,0)+IF(L22,22,0)+IF(F25,132*P22,0)+IF($J$25,(60*(15/MAX(H2,15)))) -> 739.76038 | O15: Effective FR | P15: =(MAX($H$16-$B$14-IF($H$18,75,0),0)) -> 0
A16: Fire Spellpower | B16: ='Main(manual)'!B16 -> 432 | C16: Improved Fire Totems | D16: ='Main(manual)'!D16 -> 2 | E16: T3.5 5pc | F16: ='Main(manual)'!F17 -> FALSE | G16: FR | H16: ='Main(manual)'!H16 -> 15 | I16: Boomy Aura | J16: ='Main(manual)'!J16 -> FALSE | K16: Supreme Power | L16: ='Main(manual)'!L16 -> TRUE | M16: Fire Spellpower | N16: =B16+IF(L16,150,0)+IF(L17,35,0)+IF(L19,40,0)+IF(L20,35,0)+IF(L21,15,0)+IF(L22,22,0)+IF(F25,132*P22,0)+IF($J$25,(60*(15/MAX(H2,15)))) -> 771.76038 | O16: Ele Dev Uptime | P16: =1 - EXP( -( (P10 * (1 - SUM(P2:P3)) / C43) + IF(J3="Windfury",(P10 * (1 - SUM(P2:P3)) / C44),0) + (MIN(1, P10 + 0.02 * D8) * (1 - SUM(P2:P3)) / C49) + (MIN(1, P10 + 0.02 * D8) * (1 - SUM(P2:P3)) / C46) ) * 10 ) -> 0.81284569
A17: Spell Crit | B17: ='Main(manual)'!B17 -> 0.07 | C17: Elemental Fury | D17: ='Main(manual)'!D17 -> 2 | E17: Threat Gloves | F17: ='Main(manual)'!F18 -> FALSE | G17: Thunderfury | H17: ='Main(manual)'!H17 -> TRUE | I17: Bloodlust | J17: ='Main(manual)'!J17 -> FALSE | K17: Arcane Elixir | L17: ='Main(manual)'!L17 -> TRUE | M17: Spell Crit | N17: =B17+(($N$8)/59.2)%+(IF(L21,2%,0))+3.53%+(IF(J16,3%,0)) -> 0.18205676 | O17: Focus Uptime | P17: =IF(D15,1-(((1-$P$10)^(5/C43))*(1-(1-SUM($P$2,$P$3))*$P$10)^2)*((1-MIN(IF($H$3=63,0.83+$N$18,0.96+$N$18-(($H$3-60)*0.01)),0.99)*($N$17+IF($F$10,0.1,0)+U8+IF($F$12,5%,0)))^2),0) -> 0.84695712
A18: Spell Hit | B18: ='Main(manual)'!B18 -> 0.03 | C18: Spirit Armor | D18: ='Main(manual)'!D18 -> 0 | E18: Subtlety Cloak | F18: ='Main(manual)'!F19 -> TRUE | G18: Curse of Elements | H18: ='Main(manual)'!H18 -> TRUE | I18: Arcane Intellect | J18: ='Main(manual)'!J18 -> TRUE | K18: Nature Power | L18: ='Main(manual)'!L18 -> TRUE | M18: Spell Hit | N18: =$P$16*MIN(B18+(D11*1%)+IF(J20,1%,0)+(D11*0.03),16%)+(1-$P$16)*MIN(B18+(D11*1%)+IF(J20,1%,0),16%) -> 0.14315611 | O18: Flurry Uptime | P18: =LET( miss, SUM($P$2,$P$3), wf_enabled, IF($J$3="Windfury", 1, 0), p_auto_base, $P$10 * (1 - miss), p_spell_base, MIN(1, $P$10 + 0.02 * $D$8) * (1 - miss), p_wf, $P$10 * (1 - miss), wf_chance, 0.2, wf_rolls, 2, p_auto_eff, p_auto_base + wf_enabled * wf_chance * (1 - (1 - p_wf)^wf_rolls) * (1 - p_auto_base), p_spell_eff, p_spell_base + wf_enabled * wf_chance * (1 - (1 - p_wf)^wf_rolls) * (1 - p_spell_base), r, p_auto_eff / MAX($C$43, 0.00001) + p_spell_eff / C49 + p_spell_eff / C46, a, 1 / MAX($C$43, 0.00001), rho, r / MAX(a, 0.00001), uptime_time, (rho * (3 + 3*rho + rho^2)) / (1 + rho)^3, uptime_time ) -> 0.70373105
A19: Race | B19: ='Main(manual)'!B19 -> Troll | C19: Imp Molten Blast | D19: ='Main(manual)'!D19 -> 1 | E19: Crusader | F19: ='Main(manual)'!F20 -> FALSE | G19: Improved Scorch | H19: ='Main(manual)'!H19 -> TRUE | I19: Divine Spirit | J19: ='Main(manual)'!J19 -> TRUE | K19: Fire Power | L19: ='Main(manual)'!L19 -> TRUE | M19: JoW Hits (60 sec) | N19: =IF($H$21,((60/C43)+14.166+IF(J3="Windfury",(60/C44),0)+IF(J3="Flametongue",((60/C43)+(60/C46)+(60/C49)),0)+$F$72)*0.5*(1-SUM($P$3,$P$2)),0) -> 47.216722 | O19: Windfury Procs (60 sec) | P19: =IF(J3="Windfury",((60/C43)+(60/C49)+(60/C46))*0.2*(1-SUM($P$3,$P$2)),0) -> 0
E20: Using Shield? | F20: ='Main(manual)'!F21 -> FALSE | G20: Nightfall | H20: ='Main(manual)'!H20 -> TRUE | I20: Emerald Blessing | J20: ='Main(manual)'!J20 -> TRUE | K20: Dreamtonic | L20: ='Main(manual)'!L20 -> TRUE | O20: Stonebreaker Uptime | P20: =IF($F$5,1-(0.65^(10/$C$51)),0) -> 0.5775
E21: Sulfuras proc | F21: ='Main(manual)'!F22 -> FALSE | G21: Judgement of Wisdom | H21: ='Main(manual)'!H21 -> TRUE | I21: Wisdom | J21: ='Main(manual)'!J21 -> TRUE | K21: Dreamshard | L21: ='Main(manual)'!L21 -> TRUE | O21: Crackling Uptime | P21: =IF($F$6,1-EXP(-(0.15/(60/(60/C46))*8)),0) -> 0.12482668
A22: TPS | B22: =$I$61 -> 1225.6396 | E22: Neretzek proc | F22: ='Main(manual)'!F23 -> FALSE | I22: Mana Spring | J22: ='Main(manual)'!J22 -> TRUE | K22: Tel'Abim Delight | L22: ='Main(manual)'!L22 -> FALSE | O22: WoC Uptime | P22: =1-EXP(-(0.05/(60/$H$72))*10) -> 0.49060891
A23: DPS | B23: =$G$61 -> 1837.7668 | E23: DTC proc | F23: ='Main(manual)'!F24 -> FALSE | I23: Stormstrike | J23: ='Main(manual)'!J23 -> TRUE | K23: D.Breath Chili | L23: ='Main(manual)'!L23 -> TRUE | O23: Nobility Drape Uptime | P23: =1-EXP(-(0.2/(60/$H$72))*6) -> 0.80188232
E24: Forgotten Order proc | F24: ='Main(manual)'!F25 -> FALSE | I24: Berserking | J24: ='Main(manual)'!J24 -> TRUE | O24: Crusader Uptime | P24: =1-EXP(-((E67*(1-SUM(P2:P3))/C43)+IF(J3="Windfury",(E67*(1-SUM(P2:P3))/C44),0)+(E67*(1-SUM(P2:P3))/C46)+(E67*(1-SUM(P2:P3))/C49))*20) -> 0.47644114
A25: Total | B25: %asPhys | C25: %asMagic | E25: Wrath of Cenarius | F25: ='Main(manual)'!F27 -> TRUE | I25: Bloodfury | J25: ='Main(manual)'!J25 -> FALSE | K25: Stat Weights | L25: Weight (dps) | M25: Weight (ap) | N25: Weight (sp)
A26: =Sum(K43:K59) -> 1 | B26: =K43+K46+K49+K44 -> 0.32140811 | C26: =1-B26 -> 0.67859189 | E26: # of spellstrike items | F26: ='Main(manual)'!F28 -> 1 | I26: Elemental Mastery | J26: ='Main(manual)'!J26 -> FALSE | K26: 1 AP = | L26: =(APWeight!B23-B23)/100 -> #REF! | M26: =L26/$L$26 -> #REF! | N26: =L26/$L$35 -> #REF!
E27: T1 5pc | F27: ='Main(manual)'!F10 -> FALSE | I27: Kiss of the Spider | J27: ='Main(manual)'!J27 -> FALSE | K27: 1 str = | L27: =(StrWeight!B23-B23)/100 -> #REF! | M27: =L27/$L$26 -> #REF! | N27: =L27/$L$35 -> #REF!
E28: Hand of Edward | F28: ='Main(manual)'!F26 -> None | I28: Slayer's Crest | J28: ='Main(manual)'!J28 -> FALSE | K28: 1 agi = | L28: =(AgiWeight!B23-B23)/100 -> #REF! | M28: =L28/$L$26 -> #REF! | N28: =L28/$L$35 -> #REF!
I29: Molten Emberstone | J29: ='Main(manual)'!J29 -> FALSE | K29: 1 int = | L29: =(IntWeight!B23-B23)/100 -> #REF! | M29: =L29/$L$26 -> #REF! | N29: =L29/$L$35 -> #REF!
K30: 1% phys crit = | L30: =PhysCritWeight!B23-B23 -> #REF! | M30: =L30/$L$26 -> #REF! | N30: =L30/$L$35 -> #REF!
K31: 1% phys hit = | L31: =PhysHitWeight!B23-B23 -> #REF! | M31: =L31/$L$26 -> #REF! | N31: =L31/$L$35 -> #REF!
K32: 1% haste = | L32: =HasteWeight!B23-B23 -> #REF! | M32: =L32/$L$26 -> #REF! | N32: =L32/$L$35 -> #REF!
K33: 1 wep skill = | L33: =(WepSkillWeight!B23-B23) -> #REF! | M33: =L33/$L$26 -> #REF! | N33: =L33/$L$35 -> #REF!
K34: 1 ArP = | L34: =ArPWeight!B23-B23 -> #REF! | M34: =L34/$L$26 -> #REF! | N34: =L34/$L$35 -> #REF!
K35: 1 SP = | L35: =L37+L36 -> #REF! | M35: =L35/$L$26 -> #REF! | N35: =L35/$L$35 -> #REF!
K36: 1 nature SP = | L36: =NatureWeight!B23-B23 -> #REF! | M36: =L36/$L$26 -> #REF! | N36: =L36/$L$35 -> #REF!
K37: 1 fire SP = | L37: =FireWeight!B23-B23 -> #REF! | M37: =L37/$L$26 -> #REF! | N37: =L37/$L$35 -> #REF!
K38: 1 spell crit = | L38: =SpellCritWeight!B23-B23 -> #REF! | M38: =L38/$L$26 -> #REF! | N38: =L38/$L$35 -> #REF!
K39: 1 spell hit = | L39: =(SpellHitWeight!B23-B23) -> #REF! | M39: =L39/$L$26 -> #REF! | N39: =L39/$L$35 -> #REF!
K40: 1 spell pen = | L40: =SpellPenWeight!B23-B23 -> #REF! | M40: =L40/$L$26 -> #REF! | N40: =L40/$L$35 -> #REF!
A42: Spell | B42: Base | C42: Swing/CD TIme | D42: SP Coeff | E42: AP Coeff | F42: Min | G42: Max | H42: Avg Hit | I42: DPS | J42: TPS | K42: %ofTotalDPS | L42: Mana | M42: MPS | N42: OOM (sec)
A43: Auto-Attacks | B43: =$F$4 -> 3.6 | C43: =$F$4/(1+$N$7) -> 2.9838861 | E43: =14/F4 -> 3.8888889 | F43: =($F$2+($N$3/E43))*(1+U8)*IF($H$13,1.04,1)*(1-$P$12)+IF($H14,8,0) -> 777.9117 | G43: =($F$3+($N$3/E43))*(1+U8)*IF($H$13,1.04,1)*(1-$P$12)+IF($H14,8,0) -> 923.50416 | H43: =((AVERAGE(F43,G43)*$P$5*$P$7)+(AVERAGE(F43,G43)*$P$10*2)+(AVERAGE(F43,G43)*$P$8)+((AVERAGE(F43,G43)-$P$6)*$P$4)) -> 1008.6844 | I43: =H43/C43 -> 338.04386 | J43: =I43*(IF($J$3="Rockbiter",1+U3,1)+IF(AND($J$3="Rockbiter",$F$11),U3*U4,0))*IF($J$6,0.75,1)*IF($J$7,0.8,1)*IF($F$17,1.02,1)*IF($F$18,0.98,1)*(1-U7)*(1+U5) -> 248.46224 | K43: =I43/$B$23 -> 0.18394274
A44: Windfury Attack | B44: =$F$4 -> 3.6 | C44: =IF($J$3="Windfury",60/(P19*2),0) -> 0 | F44: =($F$2+(($N$3+323)/$E$43))*(1+U8)*IF($H$13,1.04,1)*(1-$P$12)+IF($H14,8,0) -> 870.93089 | G44: =($F$3+(($N$3+323)/$E$43))*(1+U8)*IF($H$13,1.04,1)*(1-$P$12)+IF($H14,8,0) -> 1016.5233 | H44: =((AVERAGE(F44,G44)*$P$5*$P$7)+(AVERAGE(F44,G44)*$P$10*2)+(AVERAGE(F44,G44)*$P$8)+((AVERAGE(F44,G44)-$P$6)*$P$4))*IF(J3="Windfury",1,0) -> 0 | I44: =IF($J$3="Windfury",(H44/C44),0) -> 0 | J44: =I44*(IF($J$3="Rockbiter",1+U3,1)+IF(AND($J$3="Rockbiter",$F$11),U3*U4,0))*IF($J$6,0.7,1)*IF($J$7,0.8,1)*IF($F$17,1.02,1)*IF($F$18,0.98,1)*(1-U7)*(1+U5) -> 0 | K44: =I44/$B$23 -> 0
A45: Flametongue | B45: =$F$4 -> 3.6 | C45: =$F$4/(1+$N$7) -> 2.9838861 | D45: =0.1 -> 0.1 | F45: =(29.5*$F$4+(D45*$N$16))*(1+IF(J3="Flametongue",0.1*$D$12,0))*(1+($D$14*0.05))*(1+($D$17*0.05))*IF($H$18,1.1,1)*IF($H$19,1.15,1)*IF($H$20,1+(0.1*H67),1)*IF(F27,1.45,1) -> 395.00268 | G45: =(29.5*$F$4+(D45*$N$16))*(1+IF(J3="Flametongue",0.1*$D$12,0))*(1+($D$14*0.05))*(1+($D$17*0.05))*IF($H$18,1.1,1)*IF($H$19,1.15,1)*IF($H$20,1+(0.1*H67),1)*IF(F27,1.45,1) -> 395.00268 | H45: =(AVERAGE(F45,G45))*(($N$17+$U$8)*(1.5+($D$17*0.25)))+(AVERAGE(F45,G45))*((MIN(IF($H$3=63,0.83+$N$18,0.96+$N$18-(($H$3-60)*0.01)),0.99))-($N$17+$U$8))*((1-$P$15*0.0025)*$P$13)*(1-P2-P3) -> 456.27338 | I45: =IF($J$3="Flametongue",(H45/C45)+(H45/C46)+(H45/C49)+IF(F23,((H45/C45)+(H45/C46)+(H45/C49))*K67,0)) -> 260.64368 | J45: =I45*(IF($J$3="Rockbiter",1+U3,1)+IF(AND($J$3="Rockbiter",$F$11),U3*U4,0))*IF($J$6,0.7,1)*IF($J$7,0.8,1)*IF($F$17,1.02,1)*IF($F$18,0.98,1)*(1-U7)*(1+U5) -> 178.80156 | K45: =I45/$B$23 -> 0.14182631
A46: Lstrike Physical | B46: 1.5 | C46: =IF($F$10,8.5,9) -> 9 | E46: =14/F4 -> 3.8888889 | F46: =F43*0.6*(1+U8) -> 504.08678 | G46: =G43*0.6*(1+U8) -> 598.4307 | H46: =(AVERAGE(F46,G46)*($P$10+$U$8)*(2*(1+$D$17*0.25))+(AVERAGE(F46,G46)*(1-$P$2-$P$3-$P$4-($P$10+U8)))+((AVERAGE(F46,G46)-$P$6)*$P$4)) -> 914.75875 | I46: =H46/C46 -> 101.63986 | J46: =I46*(IF($J$3="Rockbiter",1+U3,1)+IF(AND($J$3="Rockbiter",$F$11),U3*U4,0))*IF($J$6,0.75,1)*IF($J$7,0.8,1)*IF($F$17,1.02,1)*IF($F$18,0.98,1)*(1-U7)*(1+U5) -> 74.705298 | K46: =I46/$B$23 -> 0.05530618 | L46: =IF($J$2="Lightning",(182*(1-J26*0.2)),(182*(1-J26*0.2))-(150+($N$3/10)))-($P$17*0.6*182) -> 89.512283 | M46: =L46/C46 -> 9.9458092
A47: Lstrike Nature | B47: 1.5 | C47: =IF($F$10,8.5,9) -> 9 | D47: 0.05 | E47: =14/F4 -> 3.8888889 | F47: =(($F$2+($N$3/E43))*(0.2)+($D$47*$N$15))*(1+U8)*IF($H$20,1+(0.1*H67),1)*(1+(D17*0.05))*IF(J23,1+U9,1) -> 270.48622 | G47: =(($F$3+($N$3/E43))*(0.2)+($D$47*$N$15))*(1+U8)*IF($H$20,1+(0.1*H67),1)*(1+(D17*0.05))*IF(J23,1+U9,1) -> 310.46531 | H47: =(AVERAGE(F47,G47)*($P$10+$U$8)*(1.5+($D$17*0.25))+(AVERAGE(F47,G47)*(1-$P$2-$P$3-$P$4-($P$10+U8)))+((AVERAGE(F47,G47)-$P$6)*$P$4))*IF(J23,1+U9,1) -> 472.64038 | I47: =H47/C47 -> 52.515597 | J47: =I47*(IF($J$3="Rockbiter",1+U3,1)+IF(AND($J$3="Rockbiter",$F$11),U3*U4,0))*IF($J$6,0.75,1)*IF($J$7,0.8,1)*IF($F$17,1.02,1)*IF($F$18,0.98,1)*(1-U7)*(1+U5) -> 38.598964 | K47: =I47/$B$23 -> 0.028575768
A48: Empowered LS | B48: 1.5 | C48: =IF($F$10,8.5,9) -> 9 | D48: 0.265 | E48: 0.25 | F48: =IF($J$2="Lightning",(198+(D48*N15)+(E48*$N$3))*IF($J$23,1+U9,1)*IF($F$12,1.15,1)*(1+(D17*0.05))*(1+(D9*0.01))*IF($H$20,1+(0.1*H67),1)*IF(J26,1.15,1),0) -> 1405.4974 | G48: =IF($J$2="Lightning",(198+(D48*N15)+(E48*$N$3))*IF($J$23,1+U9,1)*IF($F$12,1.15,1)*(1+(D17*0.05))*(1+(D9*0.01))*IF($H$20,1+(0.1*H67),1)*IF(J26,1.15,1),0) -> 1405.4974 | H48: =G48*((1-$P$14*0.0025)*$P$13)*(1-P2-P3) -> 1247.1822 | I48: =IF(F15,((H48/C48)+(H48/C43)*0.15+(H48/C46)*0.15+(H48/C49)*0.15+IF(J3="Windfury",H48/C44,0)*0.15)*(1-P2),(H48/C48)*(1-P2)) -> 130.81555 | J48: =IF($J$2="Lightning",I48*(IF($J$3="Rockbiter",1+U3,1)+IF(AND($J$3="Rockbiter",$F$11),U3*U4,0))*IF($J$6,0.75,1)*IF($J$7,0.8,1)*IF($F$17,1.02,1)*IF($F$18,0.98,1)*(1+U5),((150+($N$3/10))/2)*(IF($J$3="Rockbiter",1+U3,1)+IF(AND($J$3="Rockbiter",$F$11),U3*U4,0))*IF($J$6,0.7,1)*IF($J$7,0.8,1)*IF($F$17,1.02,1)*IF($F$18,0.98,1)*(1+U5)) -> 96.14943 | K48: =I48/$B$23 -> 0.071181801 | L48: =IF($J$2="Lightning",(182*(1-J26*0.2)),(182*(1-J26*0.2))-(150+($N$3/10)))-($P$17*0.6*182) -> 89.512283 | M48: =L48/C48 -> 9.9458092
A49: Stormstrike | B49: 1.5 | C49: =IF($F$10,7.5,8) -> 8 | E49: =14/F4 -> 3.8888889 | F49: =$F$43*1.01*(1+U8) -> 848.54609 | G49: =$G$43*1.01*(1+U8) -> 1007.3583 | H49: =(AVERAGE(F49,G49)*($P$10+$U$8)*2)+(AVERAGE(F49,G49)*(1-$P$2-$P$3-$P$4-($P$10+U8)))+((AVERAGE(F49,G49)-$P$6)*$P$4) -> 1207.9154 | I49: =H49/C49 -> 150.98942 | J49: =I49*(IF($J$3="Rockbiter",1+U3,1)+IF(AND($J$3="Rockbiter",$F$11),U3*U4,0))*IF($J$6,0.75,1)*IF($J$7,0.8,1)*IF($F$17,1.02,1)*IF($F$18,0.98,1)*(1-U7)*(1+U5) -> 110.97723 | K49: =I49/$B$23 -> 0.082159185 | L49: =(152*(1-J26*0.2))-($P$17*0.6*152) -> 74.757511 | M49: =L49/C49 -> 9.3446889
A50: Earth Shock | B50: 1.5 | C50: =6-($D$13*(1/3)) -> 5 | D50: 0.386 | E50: 0.1 | F50: =(492+(E50*$N$3)+(D50*$N$15)+IF(F7,30,0))*(1+(D17*0.05))*(1+(D9*0.01))*IF($J$23,1+U9,1)*IF(F14,1.1,1)*IF(J26,1.15,1)*IF($H$20,1+(0.1*H67),1) -> 1460.4822 | G50: =(520+(E50*$N$3)+(D50*$N$15)+IF(F7,30,0))*(1+(D17*0.05))*(1+(D9*0.01))*IF($J$23,1+U9,1)*IF(F14,1.1,1)*IF(J26,1.15,1)*IF($H$20,1+(0.1*H67),1) -> 1502.3407 | H50: =(AVERAGE(F50,G50))*(($N$17+$U$8+IF($F$14,0.05,0))*(1.5+($D$17*0.25)))+(AVERAGE(F50,G50))*((MIN(IF($H$3=63,0.83+$N$18,0.96+$N$18-(($H$3-60)*0.01)),0.99))-($N$17+$U$8+IF($F$14,0.05,0)))*((1-$P$14*0.0025)*$P$13) -> 1766.6527 | I50: =H50*2/15 -> 235.55369 | J50: =I50*(IF($J$3="Rockbiter",1+U3,1)+IF(AND($J$3="Rockbiter",$F$11),U3*U4,0))*IF($J$6,0.75,1)*IF($J$7,0.8,1)*IF($F$17,1.02,1)*IF($F$18,0.98,1)*1.5*(1+U5) -> 259.69794 | K50: =I50/$B$23 -> 0.12817387 | L50: =(450*(1-($D$10*0.02))*(1-J26*0.2))-($P$17*0.6*450) -> 203.32158 | M50: =L50/C50 -> 40.664316
A51: Flame Shock Initial | B51: 1.5 | C51: =6-($D$13*(1/3)) -> 5 | D51: 0.214 | E51: 0.085 | F51: =(293+(E51*$N$3)+(D51*$N$16)+IF($F$7,30,0))*(1+D9*0.01)*IF(J3="Flametongue",1+(D12*0.1),1)*(1+($D$14*0.05))*(1+($D$17*0.05))*IF($H$18,1.1,1)*IF($H$19,1.15,1)*IF($H$20,1+(0.1*H67),1)*IF(F14,1.1,1)*IF(J26,1.15,1) -> 1429.7649 | G51: =(293+(E51*$N$3)+(D51*$N$16)+IF($F$7,30,0))*(1+D9*0.01)*IF(J3="Flametongue",1+(D12*0.1),1)*(1+($D$14*0.05))*(1+($D$17*0.05))*IF($H$18,1.1,1)*IF($H$19,1.15,1)*IF($H$20,1+(0.1*H67),1)*IF(F14,1.1,1)*IF(J26,1.15,1) -> 1429.7649 | H51: =(AVERAGE(F51,G51))*(($N$17+$U$8+IF($F$14,0.05,0))*(1.5+($D$17*0.25)))+(AVERAGE(F51,G51))*((MIN(IF($H$3=63,0.83+$N$18,0.96+$N$18-(($H$3-60)*0.01)),0.99))-($N$17+$U$8+IF($F$14,0.05,0)))*((1-$P$15*0.0025)*$P$13) -> 1705.0618 | I51: =H51/15 -> 113.67078 | J51: =I51*(IF($J$3="Rockbiter",1+U3,1)+IF(AND($J$3="Rockbiter",$F$11),U3*U4,0))*IF($J$6,0.75,1)*IF($J$7,0.8,1)*IF($F$17,1.02,1)*IF($F$18,0.98,1)*(1+U5) -> 83.548027 | K51: =I51/$B$23 -> 0.06185267 | L51: =(410*(1-($D$10*0.02))*(1-J26*0.2)-($P$17*0.6*450)) -> 164.92158 | M51: =L51/C51 -> 32.984316
A52: Flame Shock DoT | B52: 1.5 | C52: 1.5 | D52: 0.1 | E52: 0.015 | F52: =(82+(E52*$N$3)+(D52*$N$16)+IF($F$7,30,0))*(1+D9*0.01)*IF(J3="Flametongue",1+(D12*0.1),1)*(1+($D$14*0.05))*(1+($D$17*0.05))*IF($H$18,1.1,1)*IF($H$19,1.15,1)*IF($H$20,1+(0.1*H67),1)*IF(F15,1.1,1)*IF(J26,1.15,1) -> 485.34238 | G52: =(82+(E52*$N$3)+(D52*$N$16)+IF($F$7,30,0))*(1+D9*0.01)*IF(J3="Flametongue",1+(D12*0.1),1)*(1+($D$14*0.05))*(1+($D$17*0.05))*IF($H$18,1.1,1)*IF($H$19,1.15,1)*IF($H$20,1+(0.1*H67),1)*IF(F15,1.1,1)*IF(J26,1.15,1) -> 485.34238 | H52: =(AVERAGE(F52,G52))*MIN(IF($H$3=63,0.83+$N$18,0.96+$N$18-(($H$3-60)*0.01)),0.99)*((1-$P$15*0.0025)*$P$13)*5 -> 2219.8754 | I52: =H52/15 -> 147.99169 | J52: =I52*(IF($J$3="Rockbiter",1+U3,1)+IF(AND($J$3="Rockbiter",$F$11),U3*U4,0))*IF($J$6,0.75,1)*IF($J$7,0.8,1)*IF($F$17,1.02,1)*IF($F$18,0.98,1)*(1+U5) -> 108.77389 | K52: =I52/$B$23 -> 0.080528002
A53: Lightning Shield | B53: 3.5 | C53: =$H$7 -> 4 | D53: 0.267 | F53: =(198+($N$15*$D$53))*(1+(D17*0.05))*(1+(D9*0.01))*IF(J26,1.15,1)*IF($H$20,1+(0.1*H67),1)*IF(J23,1+U9,1) -> 591.27447 | G53: =(198+($N$15*$D$53))*(1+(D17*0.05))*(1+(D9*0.01))*IF(J26,1.15,1)*IF($H$20,1+(0.1*H67),1)*IF(J23,1+U9,1) -> 591.27447 | H53: =F53*((1-$P$14*0.0025)*$P$13) -> 555.79801 | I53: =IF(H6,H53/H7,0) -> 0 | J53: =I53*(IF($J$3="Rockbiter",1+U3,1)+IF(AND($J$3="Rockbiter",$F$11),U3*U4,0))*IF($J$6,0.75,1)*IF($J$7,0.8,1)*IF($F$17,1.02,1)*IF($F$18,0.98,1)*(1+U5) -> 0 | K53: =IF(H6,I53/$B$23,0) -> 0 | L53: =370 -> 370 | M53: =L53/(9*H7) -> 10.277778
A54: Water Shield | B54: 3.5 | C54: =$H$7 -> 4 | F54: N/A | G54: N/A | H54: N/A | I54: N/A | J54: =65/H7 -> 16.25 | K54: N/A | L54: -130 | M54: =-130/H7 -> -32.5
A55: Searing | B55: 2.2 | C55: =2.2*(1-D16*0.1)+0.1 -> 1.86 | D55: 0.167 | F55: =(40+(D55*$N$16))*(1+($D$14*0.05))*(1+(IF(J3="Flametongue",($D$12*0.1),0)))*(1+($D$17*0.05))*(1+($D$9*0.01))*IF($H$18,1.1,1)*IF($H$19,1.15,1)*IF($H$20,1+(0.1*H67),1) -> 381.97525 | G55: =(54+(D55*$N$16))*(1+($D$14*0.05))*(1+(IF(J3="Flametongue",($D$12*0.1),0)))*(1+($D$17*0.05))*(1+($D$9*0.01))*IF($H$18,1.1,1)*IF($H$19,1.15,1)*IF($H$20,1+(0.1*H67),1) -> 413.6399 | H55: =(AVERAGE(F55,G55))*(($N$17+$U$8)*(1.5+($D$17*0.25)))+(AVERAGE(F55,G55))*((MIN(IF($H$3=63,0.83+$N$18,0.96+$N$18-(($H$3-60)*0.01)),0.99))-($N$17+$U$8))*((1-$P$15*0.0025)*$P$13) -> 474.40419 | I55: =IF(J4="Searing",H55/C55,0)+IF(J4="Nova+Searing",((H55*(ROUNDDOWN((15-(4-D16))/C55,0)))/15),0) -> 189.76168 | J55: =(H55/C55)*(IF($J$3="Rockbiter",1+U3,1)+IF(AND($J$3="Rockbiter",$F$11),U3*U4,0))*IF($J$6,0.7,1)*IF($J$7,0.8,1)*IF($F$17,1.02,1)*IF($F$18,0.98,1)*(0+U2)*(1+U5) -> 0 | K55: =IF(J4="Searing",I55/$B$23,0)+IF(J4="Nova+Searing",I55/B23,0) -> 0.10325667 | L55: 170 | M55: =L55/55 -> 3.0909091
A56: Magma | B56: 2 | C56: 2 | D56: 0.0333 | F56: =(75+(D56*$N$16))*(1+($D$14*0.05))*(1+(IF(J3="Flametongue",($D$12*0.1),0)))*(1+($D$17*0.05))*(1+($D$9*0.01))*IF($H$18,1.1,1)*IF($H$19,1.15,1)*IF($H$20,1+(0.1*H67),1) -> 227.7585 | G56: =(75+(D56*$N$16))*(1+($D$14*0.05))*(1+(IF(J3="Flametongue",($D$12*0.1),0)))*(1+($D$17*0.05))*(1+($D$9*0.01))*IF($H$18,1.1,1)*IF($H$19,1.15,1)*IF($H$20,1+(0.1*H67),1) -> 227.7585 | H56: =(AVERAGE(F56,G56))*(($N$17+$U$8)*(1.5+($D$17*0.25)))+(AVERAGE(F56,G56))*((MIN(IF($H$3=63,0.83+$N$18,0.96+$N$18-(($H$3-60)*0.01)),0.99))-($N$17+$U$8))*((1-$P$15*0.0025)*$P$13) -> 271.61269 | I56: =IF(J4="Magma",(H56/C56)*H4,0)+IF(J4="Nova+Magma",((H56*(ROUNDDOWN((15-(4-D16))/C56,0)))/15)*H4,0) -> 0 | J56: =(H56/C56)*(IF($J$3="Rockbiter",1+U3,1)+IF(AND($J$3="Rockbiter",$F$11),U3*U4,0))*IF($J$6,0.7,1)*IF($J$7,0.8,1)*IF($F$17,1.02,1)*IF($F$18,0.98,1)*(0+U2)*(1+U5)*(1-D16*0.25) -> 0 | K56: =IF(J4="Magma",I56/$B$23,0)+IF(J4="Nova+Magma",I56/B23,0) -> 0 | L56: 650 | M56: =L56/20 -> 32.5
A57: Nova | B57: 4 | C57: =15 -> 15 | D57: 0.143 | F57: =(413+(D57*$N$16))*(1+($D$14*0.05))*(1+(IF(J3="Flametongue",($D$12*0.1),0)))*(1+($D$17*0.05))*(1+($D$9*0.01))*IF($H$18,1.1,1)*IF($H$19,1.15,1)*IF($H$20,1+(0.1*H67),1) -> 1183.7193 | G57: =(459+(D57*$N$16))*(1+($D$14*0.05))*(1+(IF(J3="Flametongue",($D$12*0.1),0)))*(1+($D$17*0.05))*(1+($D$9*0.01))*IF($H$18,1.1,1)*IF($H$19,1.15,1)*IF($H$20,1+(0.1*H67),1) -> 1287.7603 | H57: =(AVERAGE(F57,G57))*(($N$17+$U$8)*(1.5+($D$17*0.25)))+(AVERAGE(F57,G57))*((MIN(IF($H$3=63,0.83+$N$18,0.96+$N$18-(($H$3-60)*0.01)),0.99))-($N$17+$U$8))*((1-$P$15*0.0025)*$P$13) -> 1473.6777 | I57: =IF(J4="Nova",(H57/C57)*H4,0)+IF(J4="Nova+Magma",(H57/C57)*H4,0)+IF(J4="Nova+Searing",(H57/C57)*H4,0) -> 98.245178 | J57: =(H57/C57)*(IF($J$3="Rockbiter",1+U3,1)+IF(AND($J$3="Rockbiter",$F$11),U3*U4,0))*IF($J$6,0.7,1)*IF($J$7,0.8,1)*IF($F$17,1.02,1)*IF($F$18,0.98,1)*(0+U2)*(1+U5) -> 0 | K57: =I57/$B$23 -> 0.053459001 | L57: 525 | M57: =L57/15 -> 35
A58: Stoneclaw | B58: 2 | C58: 1.5 | F58: 0 | G58: 0 | H58: 0 | J58: =((150/C58)*(IF($J$3="Rockbiter",1+U3,1)+IF(AND($J$3="Rockbiter",$F$11),U3*U4,0))*IF($J$6,0.7,1)*IF($J$7,0.8,1)*IF($F$17,1.02,1)*IF($F$18,0.98,1)*(0+U2)*(1+U5)*MIN(IF($H$3=63,0.83+$N$18,0.96+$N$18-(($H$3-60)*0.01)),0.99))*H4 -> 0 | K58: =I58/$B$23 -> 0 | L58: 140
A59: Procs | D59: ` | I59: =IF(F22,C67,0)+IF(F21,C66,0)+IF(F23,C68,0)+IF(F9,C69,0)+IF(F24,C70,0)+IF(L23,D112,0)+IF(G86,D86,0) -> 17.89582 | J59: =I59*(IF($J$3="Rockbiter",1+U3,1)+IF(AND($J$3="Rockbiter",$F$11),U3*U4,0))*IF($J$6,0.75,1)*IF($J$7,0.8,1)*IF($F$17,1.02,1)*IF($F$18,0.98,1)*(1+U5) -> 13.153428 | K59: =I59/$B$23 -> 0.0097378078
A60: Rotation | B60: Mana Threat | C60: Calming Winds Avg | D60: ES Avg | E60: Other Avg | F60: Fire Totem Avg | G60: Avg Total | H60: DPS | I60: TPS | J60: Mana | K60: MPS | L60: Out Of Mana (sec)
A61: 1 FS / 2 ES | C61: =(($H$43/$C$43))+IF($J$3="Flametongue",(H45/C45)+(H45/C46)+(H45/C49),0)+(IF($J$3="Windfury",$H$44*$P$19*2/60,0)+(($H$46+$H$47)/$C$46)+($H$49/$C$49)) -> 903.83242 | D61: =$H$50*2/15 -> 235.55369 | E61: =IF($H$6,IF($J$2="Lightning",$H$53/$H$7,0),0)+IF(J2="Lightning",I48,0)+(($H$51+$H$52)/15)+IF(F21,C66,0)+IF(F22,C67,0)+IF(F9,IF(H6,C69,0),0)+IF(F23,C68,0)+IF(F24,C70,0)+IF(G86,D86,0)+IF(L23,D112,0)+IF(F28="Molten Blast",E119,0)+IF(F28="Lightning Bolt",E116,0) -> 410.37385 | F61: =IF(J4="Magma",I56,0)+IF($J$4="Searing",I55,0)+IF($J$4="Nova",I57,0)+B76+B77 -> 288.00685 | G61: =SUM(C61,D61,E61,F61) -> 1837.7668 | H61: =((($H$51+$H$52)+($H$50*2))/15)+($H$43/$C$43)+IF($J$3="Flametongue",($H$45/$C$45)+($H$45/(60/(60/$C$46+$C$49))),0)+(IF($J$3="Windfury",$H$44*$P$19*2/60,0)+(($H$46+$H$47+$H$48)/$C$46)+($H$49/$C$49)+(IF($J$4="Searing",$H$55/$C$55,0)+(IF($J$4="Magma",$H$56/$C$56,0))))+IF($H$6,IF($J$2="Lightning",$H$53/$H$7,0),0)+IF($F$21,$C$66,0)+IF($F$22,$C$67,0)+IF($F$23,$C$68,0)+IF(J4="Nova",H57/C57,0)+B76+B77+IF(H6,IF(F9,C69,0),0) -> 1831.4335 | I61: =((C61*(1-$U$7))+(D61*1.5)+E61+(F61*($D$4*0.45)))*((IF($J$3="Rockbiter",1+$U$3,1)+IF(AND($J$3="Rockbiter",$F$11),$U$3*$U$4,0))*(1+$U$5)*IF($J$6,0.75,1)*IF($J$7,0.8,1)*IF($F$17,1.02,1)*IF($F$18,0.98,1))+IF(J5,J58,0) -> 1225.6396
A62: ES only | C62: =(($H$43/$C$43))+IF($J$3="Flametongue",(H45/C45)+(H45/C46)+(H45/C49),0)+(IF($J$3="Windfury",$H$44*$P$19*2/60,0)+(($H$46+$H$47)/$C$46)+($H$49/$C$49)) -> 903.83242 | D62: =$H$50/5 -> 353.33053 | E62: =IF($H$6,IF($J$2="Lightning",$H$53/$H$7,0),0)+IF(J2="Lightning",I48,0)+IF(F21,C66,0)+IF(F22,C67,0)+IF(F9,IF(H6,C69,0),0)+IF(F24,C70,0)+IF(G86,D86,0)+IF(L23,D112,0)+IF(F26="Molten Blast",E119,0)+IF(F26="Lightning Bolt",E116,0) -> 148.71137 | F62: =IF(J4="Magma",I56,0)+IF($J$4="Searing",I55,0)+IF($J$4="Nova",I57,0)+B76+B77 -> 288.00685 | G62: =C62+D62+E62+F62 -> 1693.8812 | H62: =($H$50/5)+($H$43/$C$43)+IF($J$3="Flametongue",($H$45/$C$45)+($H$45/(60/(60/$C$46+$C$49))),0)+(IF($J$3="Windfury",$H$44*$P$19*2/60,0)+(($H$46+$H$47+$H$48)/$C$46)+($H$49/$C$49)+(IF($J$4="Searing",$H$55/$C$55,0)+(IF($J$4="Magma",$H$56/$C$56,0))))+IF($H$6,IF($J$2="Lightning",$H$53/$H$7,0),0)+IF($F$21,$C$66,0)+IF($F$22,$C$67,0)+IF($F$23,$C$68,0)+IF(J4="Nova",H57/C57,0)+B76+B77+IF(H6,IF(F9,C69,0),0) -> 1687.5479 | I62: =((C62*(1-$U$7))+(D62*1.5)+E62+(F62*($D$4*0.45)))*((IF($J$3="Rockbiter",1+$U$3,1)+IF(AND($J$3="Rockbiter",$F$11),$U$3*$U$4,0))*(1+$U$5)*IF($J$6,0.75,1)*IF($J$7,0.8,1)*IF($F$17,1.02,1)*IF($F$18,0.98,1))+IF(J5,J58,0) -> 1163.1666
A65: Procs | B65: Avg dmg | C65: Dps
A66: Sulfuras proc: | B66: =(((273+333)/2)+75)*(IF(J3="Flametongue",1+(D12*0.1),1)*(1+(D17*0.05)))*IF(H18,1.1,1)*IF(H19,1.15,1)*IF(H20,1.1,1)*(1+(N17/2))*(0.82+N18)*P13 -> 742.97061 | C66: =(B66*((((60/C43)+(60/C46)+(60/C49)+IF(J3="Windfury",60/C44,0))*1-$P$2)*0.185))/60 -> 78.389026 | E66: Crusader proc chance | G66: Nightfall proc chance | H66: 0.116 | J66: Fist proc chance: | K66: =1.2/(60/3.6) -> 0.072
A67: Neretzek proc: | B67: =((141+163)/2)+(N15-55)*IF(H18,1.1,1)*IF(H19,1.15*1.2,1)*IF(H20,1.1,1)*(1+((N17)/2))*(0.82+N18)*P13 -> 1281.4413 | C67: =(B67*((((60/C43)+(60/C46)+(60/C49)+IF(J3="Windfury",60/C44,0))*(1-P2))*0.08633)/60) -> 59.656053 | E67: =1/(60/F4) -> 0.06 | G67: Nightfall uptime | H67: =1-EXP(-((H66*(1-SUM(P2:P3))/C43)+IF(J3="Windfury",(H66*(1-SUM(P2:P3))/C44),0)+(H66*(1-SUM(P2:P3))/C46)+(H66*(1-SUM(P2:P3))/C49))*7) -> 0.35459351 | J67: DTC proc chance: | K67: =1.2/(60/3.4) -> 0.068
A68: DTC proc: | B68: =250*(1-P12)*(1+P10)*IF(H13,1.04,1) -> 331.2384 | C68: =((B68/C43)*K67+(B68/C46)*K67+(B68/C49)*K67+IF(J3="Windfury",(B68/C44)*K67,0))*(1-SUM(P2:P3)) -> 12.14629
A69: Totem of Tides: | B69: =((25+33)/2)*(1+(D9*0.01))*IF(H18,1.1,1)*IF(H20,1.1,1)*(1+($N$17/2))*(0.83+$N$18)*$P$13*(H4) -> 36.772155 | C69: =IF(AND(H6,J2="Water"),B69/2,0) -> 0
A70: Forgotten order proc: | B70: =(((175+250)/2)+((N15-55)*0.25))*(1-SUM(P2:P3))*(P13)*(1+(N17/2))*(0.83+N18) -> 361.49225 | C70: =((B70/C43)*K66+(B70/C46)*K66+(B70/C49)*K66+IF(J3="Windfury",(B70/C44)*K66,0))*(1-SUM(P2:P3)) -> 14.035424
A71: Ft per min | B71: Ls nature hit | C71: Lshield hits | D71: Shocks | E71: Neretzek? | F71: Spellstrike | G71: Total Spell Hits | H71: w/ spellstrike
A72: =((60/C45)+(60/C46)+(60/C49))*(0.83+$N$18)*(1-$P$2) -> 31.486749 | B72: 0 | C72: =(60/C46)*(1-P2) -> 6.2933333 | D72: =(60/5)*(0.83+$N$18) -> 11.677873 | E72: =IF($F$23,$A$72*0.08,0) -> 0 | F72: =$A$72*($F$26*1) -> 31.486749 | G72: =SUM(A72:E72) -> 49.457956 | H72: =SUM(A72:F72) -> 80.944705
A75: Totem weave | B75: Dps
A76: Nova+Searing | B76: =IF(J4="Nova+Searing",((H57/15)+((H55*(ROUNDDOWN((15-(4-D16))/C55,0)))/15))*H4,0) -> 288.00685
A77: Nova+Magma | B77: =IF(J4="Nova+Magma",((H57/15)+((H56*(ROUNDDOWN((15-(4-D16))/C56,0)))/15))*H4,0) -> 0
A80: Totem of Tides
B81: 25-33 base damage
B82: 2s icd
B85: Dmg | C85: Procs | D85: DPS | E85: Self DPS | F85: Fire res | G85: Forbidden checkbox
A86: OBD | B86: =(250+(N16*0.4286))*IF(J3="Flametongue",1.3,1)*(1+(D17*0.05))*IF(H19,1.15,1)*IF(H18,1.1,1)*IF(H20,1.05,1) -> 1103.1254 | C86: =IF(AND(J3="Flametongue",F26=0),A72*0.2,0)+IF(AND(J3="Flametongue",F26=1),A72*0.36,0)+IF(AND(J3="Flametongue",F26=2),A72*0.488,0)+IF(AND(J3="Flametongue",F26=3),A72*0.5904,0)+D72*0.2 -> 13.670804 | D86: =(B86*C86/60)*(0.83+N18)*P13*((1-$P$15*0.0025)) -> 229.9207 | E86: =(B86*C86/60)*(1-(F86*0.0025))*(0.88) -> 118.88549 | F86: ='Main(manual)'!F86 -> 185 | G86: ='Main(manual)'!G86 -> FALSE
A92: T3.5 3pc | B92: Melee attacks, ss, ls, 15% chance to proc EMPOWERED ls
B93: If its empowered: | C93: =IF(F15,((H48/C48)+(H48/C43)*0.15+(H48/C46)*0.15+(H48/C49)*0.15)*(1-P2),(H48/C48)*(1-P2)) -> 130.81555
B94: If its normal: | C94: =IF(H6,H53/H7,0)+IF(AND(J2="Lightning",F15),((H53/C43)*0.15+(H53/C46)*0.15+(H53/C49)*0.15)*(1-P2),0) -> 0
A97: T3.5 5pc | B97: 5% str, 10% haste, 10% chance on autos/wf hits
B111: Damage | C111: Procs | D111: DPS | E111: Effective Coef. | F111: Stat weight add
A112: Dragonbreath Chili | B112: =(65+N16*0.33)*IF(J3="Flametongue",1.3,1)*(1+(0.05*D12))*(1+(N17/2))*(0.83+N18)*P13*(1-SUM(P2:P3))*IF(H18,1.1,1)*IF(H19,1.15,1)*IF(H20,1.1,1) -> 626.55548 | C112: =(60/C43)*0.05+(60/C46)*0.05+(60/C49)*0.05+IF(J3="Windfury",(60/C44)*0.05,0) -> 1.7137336 | D112: =(B112*C112)/60 -> 17.89582 | E112: =0.33*IF(J3="Flametongue",1.3,1)*(1+(0.05*D12))*(1+(N17/2))*(0.83+N18)*P13*(1-SUM(P2:P3))*IF(H18,1.1,1)*IF(H19,1.15,1)*IF(H20,1.1,1) -> 0.64678025 | F112: =(E112*C112)/60 -> 0.018473485
A115: Hand of Edward | B115: Damage | C115: Proc chance | D115: PPM | E115: Dps
A116: Lightning Bolt | B116: =(AVERAGE(450,501)+N15*(3/3.5))*1.05*1.1*1.1666*1.05*(1+(N17))*(0.83+N18)*P13 -> 1697.4645 | C116: =2.4/(60/1.6) -> 0.064 | D116: =C116*(60/C43+IF(J3="Windfury",60/C44,0)+60/C46+60/C49)*(1-P2) -> 2.0707386 | E116: =B116*D116/60 -> 58.583422
A117: Chain Lightning | B117: =(AVERAGE(493,552)+N15*(2.5/3.5))*1.05*1.1*1.1666*1.05*(1+(N17))*(0.83+N18)*P13 -> 1607.6942 | C117: =2.4/(60/1.6) -> 0.064 | D117: =C116*(60/C43+IF(J3="Windfury",60/C44,0)+60/C46+60/C49)*(1-P2) -> 2.0707386 | E117: =B117*D117/60 -> 55.485243
A118: Molten Blast | B118: =(AVERAGE(290,332)+N16*(2/3.5))*(1+D9*0.01)*IF(J3="Flametongue",1+(D12*0.1),1)*(1+($D$14*0.05))*(1+($D$17*0.05))*IF($H$18,1.1,1)*IF($H$19,1.15,1)*IF($H$20,1+(0.1*H67),1)*IF(F16,1.1,1)*IF(J26,1.15,1) -> 1700.8579 | C118: =2.4/(60/1.6) -> 0.064 | D118: =C116*(60/C43+IF(J3="Windfury",60/C44,0)+60/C46+60/C49)*(1-P2) -> 2.0707386 | E118: =B118*D118/60 -> 58.700534
A119: Rekindle | B119: =((G52*5)*(0.83+N18)*(1+N17/(2-D17*0.5)))*B120*(0.3*(D19)+IF(B121,0.2,0))*(0.83+N18)*(P13-0.0025*P15)*IF(J3="Flametongue",1+0.1*D12,1)*(1+0.05*D17)*(1+0.05*D14)*(1+0.01*D9)*IF(H18,1.1,1)*IF(H19,1.15,1)*IF(H20,1.05,1) -> 1757.0078 | E119: =E118+(B119*D118/60) -> 119.33893
A120: % of FlS Refreshed | B120: ='Main(manual)'!B120 -> 0.6
A121: Totem of Eruption | B121: ='Main(manual)'!B121 -> TRUE

Sheet StrWeight4
A1: Character Stats (In Gear) | C1: Talents | E1: Weps/Sets/Relics | G1: Encounter/Target | I1: Buffs | K1: Consumables | M1: Final Attributes | O1: Final Encounter Parameters | T1: Threat coefficients (and other modifiers)
A2: Bonus Strength | B2: ='Main(automatic)'!B2+100 -> 336 | C2: Ancestral Knowledge | D2: ='Main(automatic)'!D2 -> 5 | E2: Min Weapon Dam | F2: ='Main(automatic)'!F2 -> 242 | G2: Fight Duration (sec) | H2: ='Main(automatic)'!H2 -> 90 | I2: Shield | J2: ='Main(automatic)'!J2 -> Lightning | K2: # of Major Mana | L2: ='Main(automatic)'!L2 -> 2 | M2: Strength | N2: =ROUNDDOWN((IF(B19="Tauren",90,86)+IF(B19="Orc",2,0)+$B$2+IF($L$5,25,0)+IF($L$13,20,0)+IF($L$10,25,0)+IF($J$11,16,0)+ROUNDDOWN(IF($J$12,77*(1+U6),0),0)+IF($L$8,30,0))*IF($J$10,1.1,1)*(($D$2*0.01)+1)*IF(F16,1+(0.05*$R$2),1)+IF(F19,((100*(1+(D2*0.01))*IF(J10,1.1,1))*P24*IF(F16,1+(0.05*$R$2),1)),0)+IF(F24,((50*(1+(D2*0.01))*IF(J10,1.1,1))*R3*IF(F16,1+(0.05*$R$2),1)),0),0) -> 721 | O2: Miss+Dodge% | P2: =10%+((H3-60)*1.5%)-(MIN(B8-300,15)*0.001)-MIN($N$6,((H3-60)*1%)+5%) -> 0.053 | Q2: T3.5 5pc Uptime | R2: =1 - EXP( -( (0.1 * (1 - SUM(P2:P3)) / C43) + IF(AND(J3="Windfury",C44>0),(0.1 * (1 - SUM(P2:P3)) / C44),0) ) * 12 ) -> 0.49878497 | T2: Totemic Alignment | U2: =D4*0.45 -> 0
A3: Melee AP | B3: ='Main(automatic)'!B3 -> 198 | C3: Thundering Strikes | D3: ='Main(automatic)'!D3 -> 5 | E3: Max Weapon Dam | F3: ='Main(automatic)'!F3 -> 366 | G3: Level | H3: ='Main(automatic)'!H3 -> 63 | I3: Imbue | J3: ='Main(automatic)'!J3 -> Windfury | K3: # of Tea | L3: ='Main(automatic)'!L3 -> 2 | M3: Melee AP | N3: =ROUNDDOWN((100+$B$3+IF($J$15,55,0)+(($N$2*2)+IF($L$7,35,0)+IF($L$9,40,0)+(P20*130)+IF($J$8,290,0)+IF($J$9,222,0)+IF($J$15,30,0)+IF($J$3="Rockbiter",653,0)+IF(AND($J$3="Rockbiter",$F$11),653*U4,0)+IF($J$25,(120*(15/MAX(H2,15))))+IF($J$28,(260*(20/MAX(H2,20))))+IF($J$29,(200*(20/MAX(H2,20))))))*IF($J$15,1.05,1),0) -> 2307 | O3: Parry% | P3: =IF($H$3=63,14%,5%+(($H$3-60)*0.75%))*IF($H$5,0,1) -> 0 | Q3: ForgottenOrder | R3: =1-EXP(-((K67*(1-SUM(P2:P3))/C43)+IF(J3="Windfury",(K67*(1-SUM(P2:P3))/C44),0)+(K67*(1-SUM(P2:P3))/C46)+(K67*(1-SUM(P2:P3))/C49))*15) -> 0.55744088 | T3: Rockbiter | U3: 0.35
A4: Bonus Agility | B4: ='Main(automatic)'!B4 -> 195 | C4: Totemic Alignment | D4: ='Main(automatic)'!D4 -> 0 | E4: Weapon Speed | F4: ='Main(automatic)'!F4 -> 3.6 | G4: No. of Targets | H4: ='Main(automatic)'!H4 -> 1 | I4: Fire Totem | J4: ='Main(automatic)'!J4 -> None | K4: # of Rune | L4: ='Main(automatic)'!L4 -> 0 | M4: Agility | N4: =ROUNDDOWN(($B$4+IF(B19="Tauren",50,52)+IF(B19="Troll",5,0)+IF($J$11,16,0)+IF($L$6,25,0)+IF($L$11,25,0)+ROUNDDOWN(IF($J$13,77*(1+U6),0),0))*IF($J$10,1.1,1)*(($D$2*0.01)+1),0) -> 470 | O4: Block% | P4: =IF($H$5,0,5%) -> 0 | T4: T2.5 Rockbiter buff | U4: 0.25
A5: Phys Crit | B5: ='Main(automatic)'!B5 -> 0.16 | C5: Calming Winds | D5: ='Main(automatic)'!D5 -> 3 | E5: Stonebreaker Totem | F5: ='Main(automatic)'!F5 -> FALSE | G5: Attacking Behind | H5: ='Main(automatic)'!H5 -> TRUE | I5: Stoneclaw totem | J5: ='Main(automatic)'!J5 -> FALSE | K5: Elixir of Giants | L5: ='Main(automatic)'!L5 -> TRUE | M5: Phys Crit | N5: =$N$4/2000+($D$3/100)+IF($L$6,0.02,0)+IF(J14,0.03,0)+B5+0.017+(0.0004*($B$8-300)) -> 0.5168 | O5: Glancing Chance | P5: =10%+(10%*($H$3-60)) -> 0.4 | T5: Spirit Armor | U5: =0.05*D18*F20 -> 0
A6: Phys Hit | B6: ='Main(automatic)'!B6 -> 0.04 | C6: Flurry | D6: ='Main(automatic)'!D6 -> 5 | E6: Crackling Totem | F6: ='Main(automatic)'!F6 -> FALSE | G6: Being Attacked | H6: ='Main(automatic)'!H6 -> TRUE | I6: Salvation | J6: ='Main(automatic)'!J6 -> TRUE | K6: Mongoose | L6: ='Main(automatic)'!L6 -> TRUE | M6: Phys Hit | N6: =$B$6+($D$11/100)+(B8-300)*0.002 -> 0.094 | O6: Block Value | P6: 38 | T6: Enhancing Totems | U6: =0.125*D7 -> 0.25
A7: Haste | B7: ='Main(automatic)'!B7 -> 0.082644412 | C7: Enhancing Totems | D7: ='Main(automatic)'!D7 -> 2 | E7: Totem of Rage | F7: ='Main(automatic)'!F7 -> FALSE | G7: Shield Proc Interval | H7: ='Main(automatic)'!H7 -> 4 | I7: Tranquil Air | J7: ='Main(automatic)'!J7 -> FALSE | K7: Firewater | L7: ='Main(automatic)'!L7 -> TRUE | M7: Haste | N7: =(1+B7)*IF(F16,1+(0.1*R2),1)*IF($L$12,1.02,1)*IF($J$17,MIN(1+(0.2*(30/H2)),1.2),1)*(1+((IF(D6>=1,0.05,0)+($D$6*0.03))*P18))*(1+(0.08*$P$21))*IF($J$24,1+(0.1*(10/H2)),1)*IF($J$27,MIN(1+(0.2*(15/H2)),1.2),1)-1 -> 0.35346035 | O7: Glancing Damage | P7: =MIN(65%+((B8-300)*2%),95% ) -> 0.89 | T7: Calming Winds | U7: =0.0833*D5*NOT(F20) -> 0.2499
A8: Weapon Skill | B8: ='Main(automatic)'!B8 -> 312 | C8: Element's Grace | D8: ='Main(automatic)'!D8 -> 5 | E8: Broken Earth totem | F8: ='Main(automatic)'!F8 -> FALSE | G8: Armour | H8: ='Main(automatic)'!H8 -> 4211 | I8: Battle Shout | J8: ='Main(automatic)'!J8 -> TRUE | K8: Juju Power | L8: ='Main(automatic)'!L8 -> FALSE | M8: Intellect | N8: =ROUNDDOWN(($B$10+IF(B19="Tauren",85,86)+IF(B19="Troll",1,0)+IF($J$18,31,0)+IF($J$11,16,0))*IF($J$10,1.1,1)*(1+($D$2*0.01)),0) -> 274 | O8: Hit% | P8: =100%-SUM(P2:P5)-MIN(P9,N5-((H3-60)*0.01)) -> 0.0602 | T8: Element's Grace | U8: =0.02*D8 -> 0.1
A9: Armor Pen | B9: ='Main(automatic)'!B9 -> 400 | C9: Concussion | D9: ='Main(automatic)'!D9 -> 5 | E9: Totem of Tides | F9: ='Main(automatic)'!F9 -> FALSE | G9: Sunder Armour | H9: ='Main(automatic)'!H9 -> TRUE | I9: Might | J9: ='Main(automatic)'!J9 -> TRUE | K9: Juju Might | L9: ='Main(automatic)'!L9 -> FALSE | M9: MP5 | N9: =$B$11+IF($L$15,12,0) -> 0 | O9: Crit Cap | P9: =100%-SUM(P2:P5) -> 0.547 | T9: Stormstrike | U9: =J23*0.25 -> 0.25
A10: Bonus Intellect | B10: ='Main(automatic)'!B10 -> 106 | C10: Convection | D10: ='Main(automatic)'!D10 -> 0 | E10: T2 3pc | F10: ='Main(automatic)'!F11 -> FALSE | G10: Curse of Reck | H10: ='Main(automatic)'!H10 -> TRUE | I10: Kings | J10: ='Main(automatic)'!J10 -> TRUE | K10: R.O.I.D.S | L10: ='Main(automatic)'!L10 -> FALSE | M10: Spirit | N10: =ROUNDDOWN(($B$12+IF($B$19="Tauren",102,101)+IF($B$19="Orc",1,0)+IF($L$14,50,0)+IF($J$19,40,0)+IF($J$11,16,0))*IF($J$10,1.1,1)*(1+($D$2*0.01)),0) -> 244 | O10: Crit% Post Suppression | P10: =N5-((H3-60)*0.01) -> 0.4868
A11: MP5 | B11: ='Main(automatic)'!B11 -> 0 | C11: Ele Devastation | D11: ='Main(automatic)'!D11 -> 3 | E11: T2.5 5pc | F11: ='Main(automatic)'!F12 -> FALSE | G11: Faerie Fire | H11: ='Main(automatic)'!H11 -> TRUE | I11: MotW | J11: ='Main(automatic)'!J11 -> TRUE | K11: Scorpok Assay | L11: ='Main(automatic)'!L11 -> TRUE | M11: Meditation | N11: =$B$13+IF($J$20,0.05,0) -> 0.05 | O11: Effective Armour | P11: =H8-B9-IF(H9,2250,0)-IF(H12,2550,0)+IF(AND(H9,H12),2250,0)-IF(H10,640,0)-IF(H11,505,0) -> 116
A12: Bonus Spirit | B12: ='Main(automatic)'!B12 -> 4 | C12: Elemental Weapons | D12: ='Main(automatic)'!D12 -> 3 | E12: T3 2pc | F12: ='Main(automatic)'!F13 -> TRUE | G12: Improved EA | H12: ='Main(automatic)'!H12 -> TRUE | I12: Strength of Earth | J12: ='Main(automatic)'!J12 -> TRUE | K12: Tel'Abim Medley | L12: ='Main(automatic)'!L12 -> FALSE | M12: Mana Per 2 (5SR) | N12: =(17+(($N$10/5)*$N$11)+($N$9/2.5))+IF($J$22,10,0)+IF($J$21,15.6,0) -> 45.04 | O12: Armour DR | P12: =P11 / (P11 + 400 + 85 * 60) -> 0.020655271
A13: Meditation | B13: ='Main(automatic)'!B13 -> 0 | C13: Reverberation | D13: ='Main(automatic)'!D13 -> 3 | E13: T3 4pc | F13: ='Main(automatic)'!F14 -> TRUE | G13: Hemorrhage | H13: ='Main(automatic)'!H13 -> FALSE | I13: Grace of Air | J13: ='Main(automatic)'!J13 -> TRUE | K13: Power Mushroom | L13: ='Main(automatic)'!L13 -> FALSE | M13: Raw Mana Pool | N13: =1240+($N$8*15) -> 5350 | O13: NPC Level Resist | P13: =1-(($H$3-60)*0.02) -> 0.94
A14: Spell Pen | B14: ='Main(automatic)'!B14 -> 0 | C14: Call of Flame | D14: ='Main(automatic)'!D14 -> 2 | E14: T3 6pc | F14: ='Main(automatic)'!F15 -> TRUE | G14: Gift of Arthas | H14: ='Main(automatic)'!H14 -> FALSE | I14: Leader of Pack | J14: ='Main(automatic)'!J14 -> TRUE | K14: Zanza | L14: ='Main(automatic)'!L14 -> TRUE | M14: Final Mana Pool | N14: =N13+(L2*2250)+(L3*1350)+(L4*1550)+(H2/2*N12)+((N19*59/60)*H2)+IF(J2="Water",130*(H2/H7),0) -> 16698.641 | O14: Effective NR | P14: =(MAX($H$15-$B$14-IF($H$17,25,0),0)) -> 0
A15: Nature Spellpower | B15: ='Main(automatic)'!B15 -> 0 | C15: Elemental Focus | D15: ='Main(automatic)'!D15 -> 1 | E15: T3.5 3pc | F15: ='Main(automatic)'!F16 -> FALSE | G15: NR | H15: ='Main(automatic)'!H15 -> 15 | I15: Trueshot Aura | J15: ='Main(automatic)'!J15 -> FALSE | K15: Mageblood | L15: ='Main(automatic)'!L15 -> FALSE | M15: Nature Spellpower | N15: =B15+IF(L16,150,0)+IF(L17,35,0)+IF(L18,55,0)+IF(L20,35,0)+IF(L21,15,0)+IF(L22,22,0)+IF(F25,132*P22,0)+IF($J$25,(60*(15/MAX(H2,15)))) -> 65 | O15: Effective FR | P15: =(MAX($H$16-$B$14-IF($H$18,75,0),0)) -> 110
A16: Fire Spellpower | B16: ='Main(automatic)'!B16 -> 0 | C16: Improved Fire Totems | D16: ='Main(automatic)'!D16 -> 0 | E16: T3.5 5pc | F16: ='Main(automatic)'!F17 -> FALSE | G16: FR | H16: ='Main(automatic)'!H16 -> 185 | I16: Boomy Aura | J16: ='Main(automatic)'!J16 -> FALSE | K16: Supreme Power | L16: ='Main(automatic)'!L16 -> FALSE | M16: Fire Spellpower | N16: =B16+IF(L16,150,0)+IF(L17,35,0)+IF(L19,40,0)+IF(L20,35,0)+IF(L21,15,0)+IF(L22,22,0)+IF(F25,132*P22,0)+IF($J$25,(60*(15/MAX(H2,15)))) -> 10 | O16: Ele Dev Uptime | P16: =1 - EXP( -( (P10 * (1 - SUM(P2:P3)) / C43) + IF(J3="Windfury",(P10 * (1 - SUM(P2:P3)) / C44),0) + (MIN(1, P10 + 0.02 * D8) * (1 - SUM(P2:P3)) / C49) + (MIN(1, P10 + 0.02 * D8) * (1 - SUM(P2:P3)) / C46) ) * 10 ) -> 0.98365919
A17: Spell Crit | B17: ='Main(automatic)'!B17 -> 0 | C17: Elemental Fury | D17: ='Main(automatic)'!D17 -> 0 | E17: Threat Gloves | F17: ='Main(automatic)'!F18 -> FALSE | G17: Thunderfury | H17: ='Main(automatic)'!H17 -> TRUE | I17: Bloodlust | J17: ='Main(automatic)'!J17 -> TRUE | K17: Arcane Elixir | L17: ='Main(automatic)'!L17 -> FALSE | M17: Spell Crit | N17: =B17+(($N$8)/59.2)%+(IF(L21,2%,0))+3.53%+(IF(J16,3%,0)) -> 0.081583784 | O17: Focus Uptime | P17: =IF(D15,1-(((1-$P$10)^(5/C43))*(1-(1-SUM($P$2,$P$3))*$P$10)^2)*((1-MIN(IF($H$3=63,0.83+$N$18,0.96+$N$18-(($H$3-60)*0.01)),0.99)*($N$17+IF($F$10,0.1,0)+U8+IF($F$12,5%,0)))^2),0) -> 0.94981719
A18: Spell Hit | B18: ='Main(automatic)'!B18 -> 0 | C18: Spirit Armor | D18: ='Main(automatic)'!D18 -> 0 | E18: Subtlety Cloak | F18: ='Main(automatic)'!F19 -> FALSE | G18: Curse of Elements | H18: ='Main(automatic)'!H18 -> TRUE | I18: Arcane Intellect | J18: ='Main(automatic)'!J18 -> TRUE | K18: Nature Power | L18: ='Main(automatic)'!L18 -> TRUE | M18: Spell Hit | N18: =$P$16*MIN(B18+(D11*1%)+IF(J20,1%,0)+(D11*0.03),16%)+(1-$P$16)*MIN(B18+(D11*1%)+IF(J20,1%,0),16%) -> 0.12852933 | O18: Flurry Uptime | P18: =LET( miss, SUM($P$2,$P$3), wf_enabled, IF($J$3="Windfury", 1, 0), p_auto_base, $P$10 * (1 - miss), p_spell_base, MIN(1, $P$10 + 0.02 * $D$8) * (1 - miss), p_wf, $P$10 * (1 - miss), wf_chance, 0.2, wf_rolls, 2, p_auto_eff, p_auto_base + wf_enabled * wf_chance * (1 - (1 - p_wf)^wf_rolls) * (1 - p_auto_base), p_spell_eff, p_spell_base + wf_enabled * wf_chance * (1 - (1 - p_wf)^wf_rolls) * (1 - p_spell_base), r, p_auto_eff / MAX($C$43, 0.00001) + p_spell_eff / C49 + p_spell_eff / C46, a, 1 / MAX($C$43, 0.00001), rho, r / MAX(a, 0.00001), uptime_time, (rho * (3 + 3*rho + rho^2)) / (1 + rho)^3, uptime_time ) -> 0.86004538
A19: Race | B19: ='Main(automatic)'!B19 -> Tauren | E19: Crusader | F19: ='Main(automatic)'!F20 -> TRUE | G19: Improved Scorch | H19: ='Main(automatic)'!H19 -> TRUE | I19: Divine Spirit | J19: ='Main(automatic)'!J19 -> TRUE | K19: Fire Power | L19: ='Main(automatic)'!L19 -> FALSE | M19: JoW Hits (60 sec) | N19: =IF($H$21,((60/C43)+14.166+IF(J3="Windfury",(60/C44),0)+IF(J3="Flametongue",((60/C43)+(60/C46)+(60/C49)),0)+$F$72)*0.5*(1-SUM($P$3,$P$2)),0) -> 23.975603 | O19: Windfury Procs (60 sec) | P19: =IF(J3="Windfury",((60/C43)+(60/C49)+(60/C46))*0.2*(1-SUM($P$3,$P$2)),0) -> 6.9555898
A20: Weapon Skill Book | B20: ='Main(automatic)'!B20 -> TRUE | E20: Using Shield? | F20: ='Main(automatic)'!F21 -> FALSE | G20: Nightfall | H20: ='Main(automatic)'!H20 -> FALSE | I20: Emerald Blessing | J20: ='Main(automatic)'!J20 -> TRUE | K20: Dreamtonic | L20: ='Main(automatic)'!L20 -> FALSE | O20: Stonebreaker Uptime | P20: =IF($F$5,1-(0.65^(10/$C$51)),0) -> 0
A21: Orc Racial Weapon Skill | B21: ='Main(automatic)'!B21 -> FALSE | E21: Sulfuras proc | F21: ='Main(automatic)'!F22 -> FALSE | G21: Judgement of Wisdom | H21: ='Main(automatic)'!H21 -> TRUE | I21: Wisdom | J21: ='Main(automatic)'!J21 -> TRUE | K21: Dreamshard | L21: ='Main(automatic)'!L21 -> FALSE | O21: Crackling Uptime | P21: =IF($F$6,1-(0.85^(8/$C$46)),0) -> 0
A22: TPS | B22: =$I$61 -> 1042.0601 | E22: Neretzek proc | F22: ='Main(automatic)'!F23 -> FALSE | I22: Mana Spring | J22: ='Main(automatic)'!J22 -> TRUE | K22: Tel'Abim Delight | L22: ='Main(automatic)'!L22 -> FALSE | O22: WoC Uptime | P22: =1-EXP(-(0.05/(60/$H$72))*10) -> 0.35594089
A23: DPS | B23: =$G$61 -> 1614.5217 | E23: DTC proc | F23: ='Main(automatic)'!F24 -> FALSE | I23: Stormstrike | J23: ='Main(automatic)'!J23 -> TRUE | O23: Nobility Drape Uptime | P23: =1-EXP(-(0.2/(60/$H$72))*6) -> 0.65212618
E24: Forgotten Order proc | F24: ='Main(automatic)'!F25 -> FALSE | I24: Berserking | J24: ='Main(automatic)'!J24 -> FALSE | O24: Crusader Uptime | P24: =1-EXP(-((E67*(1-SUM(P2:P3))/C43)+IF(J3="Windfury",(E67*(1-SUM(P2:P3))/C44),0)+(E67*(1-SUM(P2:P3))/C46)+(E67*(1-SUM(P2:P3))/C49))*20) -> 0.61673811
A25: Total | B25: %asPhys | C25: %asMagic | E25: Wrath of Cenarius | F25: ='Main(automatic)'!F26 -> FALSE | I25: Bloodfury | J25: ='Main(automatic)'!J25 -> TRUE | K25: Stat Weights | L25: Weight (dps) | M25: Weight (ap) | N25: Weight (sp)
A26: =Sum(K43:K59) -> 1 | B26: =K43+K46+K49+K44 -> 0.71843651 | C26: =1-B26 -> 0.28156349 | E26: # of spellstrike items | F26: ='Main(automatic)'!F27 -> 0 | I26: Elemental Mastery | J26: ='Main(automatic)'!J26 -> FALSE | K26: 1 AP = | L26: =(APWeight!B23-B23)/100 -> #REF! | M26: =L26/$L$26 -> #REF! | N26: =L26/$L$35 -> #REF!
E27: T1 5pc | F27: ='Main(automatic)'!F10 -> FALSE | I27: Kiss of the Spider | J27: ='Main(automatic)'!J27 -> FALSE | K27: 1 str = | L27: =(StrWeight!B23-B23)/100 -> #REF! | M27: =L27/$L$26 -> #REF! | N27: =L27/$L$35 -> #REF!
I28: Slayer's Crest | J28: ='Main(automatic)'!J28 -> FALSE | K28: 1 agi = | L28: =(AgiWeight!B23-B23)/100 -> #REF! | M28: =L28/$L$26 -> #REF! | N28: =L28/$L$35 -> #REF!
I29: Molten Emberstone | J29: ='Main(automatic)'!J29 -> FALSE | K29: 1 int = | L29: =(IntWeight!B23-B23)/100 -> #REF! | M29: =L29/$L$26 -> #REF! | N29: =L29/$L$35 -> #REF!
K30: 1% phys crit = | L30: =PhysCritWeight!B23-B23 -> #REF! | M30: =L30/$L$26 -> #REF! | N30: =L30/$L$35 -> #REF!
K31: 1% phys hit = | L31: =PhysHitWeight!B23-B23 -> #REF! | M31: =L31/$L$26 -> #REF! | N31: =L31/$L$35 -> #REF!
K32: 1% haste = | L32: =HasteWeight!B23-B23 -> #REF! | M32: =L32/$L$26 -> #REF! | N32: =L32/$L$35 -> #REF!
K33: 1 wep skill = | L33: =(WepSkillWeight!B23-B23) -> #REF! | M33: =L33/$L$26 -> #REF! | N33: =L33/$L$35 -> #REF!
K34: 1 ArP = | L34: =ArPWeight!B23-B23 -> #REF! | M34: =L34/$L$26 -> #REF! | N34: =L34/$L$35 -> #REF!
K35: 1 SP = | L35: =L37+L36 -> #REF! | M35: =L35/$L$26 -> #REF! | N35: =L35/$L$35 -> #REF!
K36: 1 nature SP = | L36: =NatureWeight!B23-B23 -> #REF! | M36: =L36/$L$26 -> #REF! | N36: =L36/$L$35 -> #REF!
K37: 1 fire SP = | L37: =FireWeight!B23-B23 -> #REF! | M37: =L37/$L$26 -> #REF! | N37: =L37/$L$35 -> #REF!
K38: 1 spell crit = | L38: =SpellCritWeight!B23-B23 -> #REF! | M38: =L38/$L$26 -> #REF! | N38: =L38/$L$35 -> #REF!
K39: 1 spell hit = | L39: =(SpellHitWeight!B23-B23) -> #REF! | M39: =L39/$L$26 -> #REF! | N39: =L39/$L$35 -> #REF!
K40: 1 spell pen = | L40: =SpellPenWeight!B23-B23 -> #REF! | M40: =L40/$L$26 -> #REF! | N40: =L40/$L$35 -> #REF!
A42: Spell | B42: Base | C42: Swing/CD TIme | D42: SP Coeff | E42: AP Coeff | F42: Min | G42: Max | H42: Avg Hit | I42: DPS | J42: TPS | K42: %ofTotalDPS | L42: Mana | M42: MPS | N42: OOM (sec)
A43: Auto-Attacks | B43: =$F$4 -> 3.6 | C43: =$F$4/(1+$N$7) -> 2.6598489 | E43: =14/F4 -> 3.8888889 | F43: =($F$2+($N$3/E43))*(1+U8)*IF($H$13,1.04,1)*(1-$P$12)+IF($H14,8,0) -> 899.77437 | G43: =($F$3+($N$3/E43))*(1+U8)*IF($H$13,1.04,1)*(1-$P$12)+IF($H14,8,0) -> 1033.357 | H43: =((AVERAGE(F43,G43)*$P$5*$P$7)+(AVERAGE(F43,G43)*$P$10*2)+(AVERAGE(F43,G43)*$P$8)+((AVERAGE(F43,G43)-$P$6)*$P$4)) -> 1343.333 | I43: =H43/C43 -> 505.04109 | J43: =I43*(IF($J$3="Rockbiter",1+U3,1)+IF(AND($J$3="Rockbiter",$F$11),U3*U4,0))*IF($J$6,0.75,1)*IF($J$7,0.8,1)*IF($F$17,1.02,1)*IF($F$18,0.98,1)*(1-U7)*(1+U5) -> 284.12349 | K43: =I43/$B$23 -> 0.31281159
A44: Windfury Attack | B44: =$F$4 -> 3.6 | C44: =IF($J$3="Windfury",60/(P19*2),0) -> 4.3130778 | F44: =($F$2+(($N$3+323)/$E$43))*(1+U8)*IF($H$13,1.04,1)*(1-$P$12)+IF($H14,8,0) -> 989.2501 | G44: =($F$3+(($N$3+323)/$E$43))*(1+U8)*IF($H$13,1.04,1)*(1-$P$12)+IF($H14,8,0) -> 1122.8327 | H44: =((AVERAGE(F44,G44)*$P$5*$P$7)+(AVERAGE(F44,G44)*$P$10*2)+(AVERAGE(F44,G44)*$P$8)+((AVERAGE(F44,G44)-$P$6)*$P$4))*IF(J3="Windfury",1,0) -> 1467.6864 | I44: =IF($J$3="Windfury",(H44/C44),0) -> 340.28748 | J44: =I44*(IF($J$3="Rockbiter",1+U3,1)+IF(AND($J$3="Rockbiter",$F$11),U3*U4,0))*IF($J$6,0.7,1)*IF($J$7,0.8,1)*IF($F$17,1.02,1)*IF($F$18,0.98,1)*(1-U7)*(1+U5) -> 178.67475 | K44: =I44/$B$23 -> 0.21076674
A45: Flametongue | B45: =$F$4 -> 3.6 | C45: =$F$4/(1+$N$7) -> 2.6598489 | D45: =0.1 -> 0.1 | F45: =(29.5*$F$4+(D45*$N$16))*(1+IF(J3="Flametongue",0.1*$D$12,0))*(1+($D$14*0.05))*(1+($D$17*0.05))*IF($H$18,1.1,1)*IF($H$19,1.15,1)*IF($H$20,1+(0.1*H67),1)*IF(F27,1.45,1) -> 149.1688 | G45: =(29.5*$F$4+(D45*$N$16))*(1+IF(J3="Flametongue",0.1*$D$12,0))*(1+($D$14*0.05))*(1+($D$17*0.05))*IF($H$18,1.1,1)*IF($H$19,1.15,1)*IF($H$20,1+(0.1*H67),1)*IF(F27,1.45,1) -> 149.1688 | H45: =(AVERAGE(F45,G45))*(($N$17+$U$8)*(1.5+($D$17*0.25)))+(AVERAGE(F45,G45))*((MIN(IF($H$3=63,0.83+$N$18,0.96+$N$18-(($H$3-60)*0.01)),0.99))-($N$17+$U$8))*((1-$P$15*0.0025)*$P$13)*(1-P2-P3) -> 115.42699 | I45: =IF($J$3="Flametongue",(H45/C45)+(H45/C46)+(H45/C49)+IF(F23,((H45/C45)+(H45/C46)+(H45/C49))*K67,0)) -> FALSE | J45: =I45*(IF($J$3="Rockbiter",1+U3,1)+IF(AND($J$3="Rockbiter",$F$11),U3*U4,0))*IF($J$6,0.7,1)*IF($J$7,0.8,1)*IF($F$17,1.02,1)*IF($F$18,0.98,1)*(1-U7)*(1+U5) -> 0 | K45: =I45/$B$23 -> 0
A46: Lstrike Physical | B46: 1.5 | C46: =IF($F$10,8.5,9) -> 9 | E46: =14/F4 -> 3.8888889 | F46: =F43*0.6*(1+U8) -> 593.85108 | G46: =G43*0.6*(1+U8) -> 682.01561 | H46: =(AVERAGE(F46,G46)*($P$10+$U$8)*(2*(1+$D$17*0.25))+(AVERAGE(F46,G46)*(1-$P$2-$P$3-$P$4-($P$10+U8)))+((AVERAGE(F46,G46)-$P$6)*$P$4)) -> 978.46217 | I46: =H46/C46 -> 108.71802 | J46: =I46*(IF($J$3="Rockbiter",1+U3,1)+IF(AND($J$3="Rockbiter",$F$11),U3*U4,0))*IF($J$6,0.75,1)*IF($J$7,0.8,1)*IF($F$17,1.02,1)*IF($F$18,0.98,1)*(1-U7)*(1+U5) -> 61.162039 | K46: =I46/$B$23 -> 0.067337602 | L46: =IF($J$2="Lightning",(182*(1-J26*0.2)),(182*(1-J26*0.2))-(150+($N$3/10)))-($P$17*0.6*182) -> 78.279963 | M46: =L46/C46 -> 8.6977736
A47: Lstrike Nature | B47: 1.5 | C47: =IF($F$10,8.5,9) -> 9 | D47: 0.05 | E47: =14/F4 -> 3.8888889 | F47: =(($F$2+($N$3/E43))*(0.2)+($D$47*$N$15))*(1+U8)*IF($H$20,1+(0.1*H67),1)*(1+(D17*0.05))*IF(J23,1+U9,1) -> 234.15661 | G47: =(($F$3+($N$3/E43))*(0.2)+($D$47*$N$15))*(1+U8)*IF($H$20,1+(0.1*H67),1)*(1+(D17*0.05))*IF(J23,1+U9,1) -> 268.25661 | H47: =(AVERAGE(F47,G47)*($P$10+$U$8)*(1.5+($D$17*0.25))+(AVERAGE(F47,G47)*(1-$P$2-$P$3-$P$4-($P$10+U8)))+((AVERAGE(F47,G47)-$P$6)*$P$4))*IF(J23,1+U9,1) -> 389.49584 | I47: =H47/C47 -> 43.277316 | J47: =I47*(IF($J$3="Rockbiter",1+U3,1)+IF(AND($J$3="Rockbiter",$F$11),U3*U4,0))*IF($J$6,0.75,1)*IF($J$7,0.8,1)*IF($F$17,1.02,1)*IF($F$18,0.98,1)*(1-U7)*(1+U5) -> 24.346736 | K47: =I47/$B$23 -> 0.026805038
A48: Empowered LS | B48: 1.5 | C48: =IF($F$10,8.5,9) -> 9 | D48: 0.265 | E48: 0.25 | F48: =IF($J$2="Lightning",(198+(D48*N15)+(E48*$N$3))*IF($J$23,1+U9,1)*IF($F$12,1.15,1)*(1+(D17*0.05))*(1+(D9*0.01))*IF($H$20,1+(0.1*H67),1)*IF(J26,1.15,1),0) -> 1195.3873 | G48: =IF($J$2="Lightning",(198+(D48*N15)+(E48*$N$3))*IF($J$23,1+U9,1)*IF($F$12,1.15,1)*(1+(D17*0.05))*(1+(D9*0.01))*IF($H$20,1+(0.1*H67),1)*IF(J26,1.15,1),0) -> 1195.3873 | H48: =G48*((1-$P$14*0.0025)*$P$13)*(1-P2-P3) -> 1064.1098 | I48: =IF(F15,((H48/C48)+(H48/C43)*0.15+(H48/C46)*0.15+(H48/C49)*0.15+IF(J3="Windfury",H48/C44,0)*0.15)*(1-P2),(H48/C48)*(1-P2)) -> 111.968 | J48: =IF($J$2="Lightning",I48*(IF($J$3="Rockbiter",1+U3,1)+IF(AND($J$3="Rockbiter",$F$11),U3*U4,0))*IF($J$6,0.75,1)*IF($J$7,0.8,1)*IF($F$17,1.02,1)*IF($F$18,0.98,1)*(1+U5),((150+($N$3/10))/2)*(IF($J$3="Rockbiter",1+U3,1)+IF(AND($J$3="Rockbiter",$F$11),U3*U4,0))*IF($J$6,0.7,1)*IF($J$7,0.8,1)*IF($F$17,1.02,1)*IF($F$18,0.98,1)*(1+U5)) -> 83.976001 | K48: =I48/$B$23 -> 0.069350571 | L48: =IF($J$2="Lightning",(182*(1-J26*0.2)),(182*(1-J26*0.2))-(150+($N$3/10)))-($P$17*0.6*182) -> 78.279963 | M48: =L48/C48 -> 8.6977736
A49: Stormstrike | B49: 1.5 | C49: =IF($F$10,7.5,8) -> 8 | E49: =14/F4 -> 3.8888889 | F49: =$F$43*1.01*(1+U8) -> 999.64932 | G49: =$G$43*1.01*(1+U8) -> 1148.0596 | H49: =(AVERAGE(F49,G49)*($P$10+$U$8)*2)+(AVERAGE(F49,G49)*(1-$P$2-$P$3-$P$4-($P$10+U8)))+((AVERAGE(F49,G49)-$P$6)*$P$4) -> 1647.078 | I49: =H49/C49 -> 205.88475 | J49: =I49*(IF($J$3="Rockbiter",1+U3,1)+IF(AND($J$3="Rockbiter",$F$11),U3*U4,0))*IF($J$6,0.75,1)*IF($J$7,0.8,1)*IF($F$17,1.02,1)*IF($F$18,0.98,1)*(1-U7)*(1+U5) -> 115.82561 | K49: =I49/$B$23 -> 0.12752058 | L49: =(152*(1-J26*0.2))-($P$17*0.6*152) -> 65.376672 | M49: =L49/C49 -> 8.172084
A50: Earth Shock | B50: 1.5 | C50: =6-($D$13*(1/3)) -> 5 | D50: 0.386 | E50: 0.1 | F50: =(492+(E50*$N$3)+(D50*$N$15)+IF(F7,30,0))*(1+(D17*0.05))*(1+(D9*0.01))*IF($J$23,1+U9,1)*IF(F14,1.1,1)*IF(J26,1.15,1)*IF($H$20,1+(0.1*H67),1) -> 1079.6218 | G50: =(520+(E50*$N$3)+(D50*$N$15)+IF(F7,30,0))*(1+(D17*0.05))*(1+(D9*0.01))*IF($J$23,1+U9,1)*IF(F14,1.1,1)*IF(J26,1.15,1)*IF($H$20,1+(0.1*H67),1) -> 1120.0468 | H50: =(AVERAGE(F50,G50))*(($N$17+$U$8+IF($F$14,0.05,0))*(1.5+($D$17*0.25)))+(AVERAGE(F50,G50))*((MIN(IF($H$3=63,0.83+$N$18,0.96+$N$18-(($H$3-60)*0.01)),0.99))-($N$17+$U$8+IF($F$14,0.05,0)))*((1-$P$14*0.0025)*$P$13) -> 1133.6042 | I50: =H50*2/15 -> 151.14722 | J50: =I50*(IF($J$3="Rockbiter",1+U3,1)+IF(AND($J$3="Rockbiter",$F$11),U3*U4,0))*IF($J$6,0.75,1)*IF($J$7,0.8,1)*IF($F$17,1.02,1)*IF($F$18,0.98,1)*1.5*(1+U5) -> 170.04062 | K50: =I50/$B$23 -> 0.093617337 | L50: =(450*(1-($D$10*0.02))*(1-J26*0.2))-($P$17*0.6*450) -> 193.54936 | M50: =L50/C50 -> 38.709872
A51: Flame Shock Initial | B51: 1.5 | C51: =6-($D$13*(1/3)) -> 5 | D51: 0.214 | E51: 0.085 | F51: =(293+(E51*$N$3)+(D51*$N$16)+IF($F$7,30,0))*(1+D9*0.01)*IF(J3="Flametongue",1+(D12*0.1),1)*(1+($D$14*0.05))*(1+($D$17*0.05))*IF($H$18,1.1,1)*IF($H$19,1.15,1)*IF($H$20,1+(0.1*H67),1)*IF(F14,1.1,1)*IF(J26,1.15,1) -> 789.5043 | G51: =(293+(E51*$N$3)+(D51*$N$16)+IF($F$7,30,0))*(1+D9*0.01)*IF(J3="Flametongue",1+(D12*0.1),1)*(1+($D$14*0.05))*(1+($D$17*0.05))*IF($H$18,1.1,1)*IF($H$19,1.15,1)*IF($H$20,1+(0.1*H67),1)*IF(F14,1.1,1)*IF(J26,1.15,1) -> 789.5043 | H51: =(AVERAGE(F51,G51))*(($N$17+$U$8+IF($F$14,0.05,0))*(1.5+($D$17*0.25)))+(AVERAGE(F51,G51))*((MIN(IF($H$3=63,0.83+$N$18,0.96+$N$18-(($H$3-60)*0.01)),0.99))-($N$17+$U$8+IF($F$14,0.05,0)))*((1-$P$15*0.0025)*$P$13) -> 665.38559 | I51: =H51/15 -> 44.359039 | J51: =I51*(IF($J$3="Rockbiter",1+U3,1)+IF(AND($J$3="Rockbiter",$F$11),U3*U4,0))*IF($J$6,0.75,1)*IF($J$7,0.8,1)*IF($F$17,1.02,1)*IF($F$18,0.98,1)*(1+U5) -> 33.269279 | K51: =I51/$B$23 -> 0.027475034 | L51: =(410*(1-($D$10*0.02))*(1-J26*0.2)-($P$17*0.6*450)) -> 153.54936 | M51: =L51/C51 -> 30.709872
A52: Flame Shock DoT | B52: 1.5 | C52: 1.5 | D52: 0.1 | E52: 0.015 | F52: =(82+(E52*$N$3)+(D52*$N$16)+IF($F$7,30,0))*(1+D9*0.01)*IF(J3="Flametongue",1+(D12*0.1),1)*(1+($D$14*0.05))*(1+($D$17*0.05))*IF($H$18,1.1,1)*IF($H$19,1.15,1)*IF($H$20,1+(0.1*H67),1)*IF(J26,1.15,1) -> 171.82973 | G52: =(82+(E52*$N$3)+(D52*$N$16)+IF($F$7,30,0))*(1+D9*0.01)*IF(J3="Flametongue",1+(D12*0.1),1)*(1+($D$14*0.05))*(1+($D$17*0.05))*IF($H$18,1.1,1)*IF($H$19,1.15,1)*IF($H$20,1+(0.1*H67),1)*IF(J26,1.15,1) -> 171.82973 | H52: =(AVERAGE(F52,G52))*MIN(IF($H$3=63,0.83+$N$18,0.96+$N$18-(($H$3-60)*0.01)),0.99)*((1-$P$15*0.0025)*$P$13)*5 -> 561.2283 | I52: =H52/15 -> 37.41522 | J52: =I52*(IF($J$3="Rockbiter",1+U3,1)+IF(AND($J$3="Rockbiter",$F$11),U3*U4,0))*IF($J$6,0.75,1)*IF($J$7,0.8,1)*IF($F$17,1.02,1)*IF($F$18,0.98,1)*(1+U5) -> 28.061415 | K52: =I52/$B$23 -> 0.023174182
A53: Lightning Shield | B53: 3.5 | C53: =$H$7 -> 4 | D53: 0.267 | F53: =(198+($N$15*$D$53))*(1+(D17*0.05))*(1+(D9*0.01))*IF(J26,1.15,1)*IF($H$20,1+(0.1*H67),1)*IF(J23,1+U9,1) -> 282.65344 | G53: =(198+($N$15*$D$53))*(1+(D17*0.05))*(1+(D9*0.01))*IF(J26,1.15,1)*IF($H$20,1+(0.1*H67),1)*IF(J23,1+U9,1) -> 282.65344 | H53: =F53*((1-$P$14*0.0025)*$P$13) -> 265.69423 | I53: =IF(H6,H53/H7,0) -> 66.423558 | J53: =I53*(IF($J$3="Rockbiter",1+U3,1)+IF(AND($J$3="Rockbiter",$F$11),U3*U4,0))*IF($J$6,0.75,1)*IF($J$7,0.8,1)*IF($F$17,1.02,1)*IF($F$18,0.98,1)*(1+U5) -> 49.817668 | K53: =IF(H6,I53/$B$23,0) -> 0.041141323 | L53: =370 -> 370 | M53: =L53/(9*H7) -> 10.277778
A54: Water Shield | B54: 3.5 | C54: =$H$7 -> 4 | F54: N/A | G54: N/A | H54: N/A | I54: N/A | J54: =65/H7 -> 16.25 | K54: N/A | L54: -130 | M54: =-130/H7 -> -32.5
A55: Searing | B55: 2.2 | C55: =2.2*(1-D16*0.1)+0.1 -> 2.3 | D55: 0.167 | F55: =(40+(D55*$N$16))*(1+($D$14*0.05))*(1+(IF(J3="Flametongue",($D$12*0.1),0)))*(1+($D$17*0.05))*(1+($D$9*0.01))*IF($H$18,1.1,1)*IF($H$19,1.15,1)*IF($H$20,1+(0.1*H67),1) -> 60.882995 | G55: =(54+(D55*$N$16))*(1+($D$14*0.05))*(1+(IF(J3="Flametongue",($D$12*0.1),0)))*(1+($D$17*0.05))*(1+($D$9*0.01))*IF($H$18,1.1,1)*IF($H$19,1.15,1)*IF($H$20,1+(0.1*H67),1) -> 81.338045 | H55: =(AVERAGE(F55,G55))*(($N$17+$U$8)*(1.5+($D$17*0.25)))+(AVERAGE(F55,G55))*((MIN(IF($H$3=63,0.83+$N$18,0.96+$N$18-(($H$3-60)*0.01)),0.99))-($N$17+$U$8))*((1-$P$15*0.0025)*$P$13) -> 57.020971 | I55: =IF(J4="Searing",H55/C55,0)+IF(J4="Nova+Searing",((H55*(ROUNDDOWN((15-(4-D16))/C55,0)))/15),0) -> 0 | J55: =(H55/C55)*(IF($J$3="Rockbiter",1+U3,1)+IF(AND($J$3="Rockbiter",$F$11),U3*U4,0))*IF($J$6,0.7,1)*IF($J$7,0.8,1)*IF($F$17,1.02,1)*IF($F$18,0.98,1)*(0+U2)*(1+U5) -> 0 | K55: =IF(J4="Searing",I55/$B$23,0)+IF(J4="Nova+Searing",I55/B23,0) -> 0 | L55: 170 | M55: =L55/55 -> 3.0909091
A56: Magma | B56: 2 | C56: 2 | D56: 0.0333 | F56: =(75+(D56*$N$16))*(1+($D$14*0.05))*(1+(IF(J3="Flametongue",($D$12*0.1),0)))*(1+($D$17*0.05))*(1+($D$9*0.01))*IF($H$18,1.1,1)*IF($H$19,1.15,1)*IF($H$20,1+(0.1*H67),1) -> 110.06716 | G56: =(75+(D56*$N$16))*(1+($D$14*0.05))*(1+(IF(J3="Flametongue",($D$12*0.1),0)))*(1+($D$17*0.05))*(1+($D$9*0.01))*IF($H$18,1.1,1)*IF($H$19,1.15,1)*IF($H$20,1+(0.1*H67),1) -> 110.06716 | H56: =(AVERAGE(F56,G56))*(($N$17+$U$8)*(1.5+($D$17*0.25)))+(AVERAGE(F56,G56))*((MIN(IF($H$3=63,0.83+$N$18,0.96+$N$18-(($H$3-60)*0.01)),0.99))-($N$17+$U$8))*((1-$P$15*0.0025)*$P$13) -> 88.258903 | I56: =IF(J4="Magma",(H56/C56)*H4,0)+IF(J4="Nova+Magma",((H56*(ROUNDDOWN((15-(4-D16))/C56,0)))/15)*H4,0) -> 0 | J56: =(H56/C56)*(IF($J$3="Rockbiter",1+U3,1)+IF(AND($J$3="Rockbiter",$F$11),U3*U4,0))*IF($J$6,0.7,1)*IF($J$7,0.8,1)*IF($F$17,1.02,1)*IF($F$18,0.98,1)*(0+U2)*(1+U5)*(1-D16*0.25) -> 0 | K56: =IF(J4="Magma",I56/$B$23,0)+IF(J4="Nova+Magma",I56/B23,0) -> 0 | L56: 650 | M56: =L56/20 -> 32.5
A57: Nova | B57: 4 | C57: =15 -> 15 | D57: 0.143 | F57: =(413+(D57*$N$16))*(1+($D$14*0.05))*(1+(IF(J3="Flametongue",($D$12*0.1),0)))*(1+($D$17*0.05))*(1+($D$9*0.01))*IF($H$18,1.1,1)*IF($H$19,1.15,1)*IF($H$20,1+(0.1*H67),1) -> 605.51331 | G57: =(459+(D57*$N$16))*(1+($D$14*0.05))*(1+(IF(J3="Flametongue",($D$12*0.1),0)))*(1+($D$17*0.05))*(1+($D$9*0.01))*IF($H$18,1.1,1)*IF($H$19,1.15,1)*IF($H$20,1+(0.1*H67),1) -> 672.72276 | H57: =(AVERAGE(F57,G57))*(($N$17+$U$8)*(1.5+($D$17*0.25)))+(AVERAGE(F57,G57))*((MIN(IF($H$3=63,0.83+$N$18,0.96+$N$18-(($H$3-60)*0.01)),0.99))-($N$17+$U$8))*((1-$P$15*0.0025)*$P$13) -> 512.48579 | I57: =IF(J4="Nova",(H57/C57)*H4,0)+IF(J4="Nova+Magma",(H57/C57)*H4,0)+IF(J4="Nova+Searing",(H57/C57)*H4,0) -> 0 | J57: =(H57/C57)*(IF($J$3="Rockbiter",1+U3,1)+IF(AND($J$3="Rockbiter",$F$11),U3*U4,0))*IF($J$6,0.7,1)*IF($J$7,0.8,1)*IF($F$17,1.02,1)*IF($F$18,0.98,1)*(0+U2)*(1+U5) -> 0 | K57: =I57/$B$23 -> 0 | L57: 525 | M57: =L57/15 -> 35
A58: Stoneclaw | B58: 2 | C58: 1.5 | F58: 0 | G58: 0 | H58: 0 | J58: =((150/C58)*(IF($J$3="Rockbiter",1+U3,1)+IF(AND($J$3="Rockbiter",$F$11),U3*U4,0))*IF($J$6,0.7,1)*IF($J$7,0.8,1)*IF($F$17,1.02,1)*IF($F$18,0.98,1)*(0+U2)*(1+U5)*MIN(IF($H$3=63,0.83+$N$18,0.96+$N$18-(($H$3-60)*0.01)),0.99))*H4 -> 0 | K58: =I58/$B$23 -> 0 | L58: 140
A59: Procs | D59: ` | I59: =IF(F22,C67,0)+IF(F21,C66,0)+IF(F23,C68,0)+IF(F9,C69,0)+IF(F24,C70,0) -> 0 | J59: =I59*(IF($J$3="Rockbiter",1+U3,1)+IF(AND($J$3="Rockbiter",$F$11),U3*U4,0))*IF($J$6,0.75,1)*IF($J$7,0.8,1)*IF($F$17,1.02,1)*IF($F$18,0.98,1)*(1+U5) -> 0 | K59: =I59/$B$23 -> 0
A60: Rotation | B60: Mana Threat | C60: Calming Winds Avg | D60: ES Avg | E60: Other Avg | F60: Fire Totem Avg | G60: Avg Total | H60: DPS | I60: TPS | J60: Mana | K60: MPS | L60: Out Of Mana (sec)
A61: 1 FS / 2 ES | C61: =(($H$43/$C$43))+IF($J$3="Flametongue",(H45/C45)+(H45/C46)+(H45/C49)+IF(F23,((H45/C45)+(H45/C46)+(H45/C49))*K67,0),0)+(IF($J$3="Windfury",$H$44*$P$19*2/60,0)+(($H$46+$H$47)/$C$46)+($H$49/$C$49)) -> 1203.2087 | D61: =$H$50*2/15 -> 151.14722 | E61: =IF($H$6,IF($J$2="Lightning",$H$53/$H$7,0),0)+IF(J2="Lightning",I48,0)+(($H$51+$H$52)/15)+IF(F21,C66,0)+IF(F22,C67,0)+IF(F9,IF(H6,C69,0),0)+IF(F23,C68,0)+IF(F24,C70,0) -> 260.16582 | F61: =IF(J4="Magma",I56,0)+IF($J$4="Searing",I55,0)+IF($J$4="Nova",I57,0)+B76+B77 -> 0 | G61: =SUM(C61,D61,E61,F61) -> 1614.5217 | H61: =((($H$51+$H$52)+($H$50*2))/15)+($H$43/$C$43)+IF($J$3="Flametongue",($H$45/$C$45)+($H$45/(60/(60/$C$46+$C$49))),0)+(IF($J$3="Windfury",$H$44*$P$19*2/60,0)+(($H$46+$H$47+$H$48)/$C$46)+($H$49/$C$49)+(IF($J$4="Searing",$H$55/$C$55,0)+(IF($J$4="Magma",$H$56/$C$56,0))))+IF($H$6,IF($J$2="Lightning",$H$53/$H$7,0),0)+IF($F$21,$C$66,0)+IF($F$22,$C$67,0)+IF($F$23,$C$68,0)+IF(J4="Nova",H57/C57,0)+B76+B77+IF(H6,IF(F9,C69,0),0) -> 1620.7881 | I61: =((C61*(1-$U$7))+(D61*1.5)+E61+(F61*($D$4*0.45)))*((IF($J$3="Rockbiter",1+$U$3,1)+IF(AND($J$3="Rockbiter",$F$11),$U$3*$U$4,0))*(1+$U$5)*IF($J$6,0.75,1)*IF($J$7,0.8,1)*IF($F$17,1.02,1)*IF($F$18,0.98,1))+IF(J5,J58,0) -> 1042.0601
A62: ES only | C62: =(($H$43/$C$43))+IF($J$3="Flametongue",(H45/C45)+(H45/C46)+(H45/C49)+IF(F23,((H45/C45)+(H45/C46)+(H45/C49))*K67,0),0)+(IF($J$3="Windfury",$H$44*$P$19*2/60,0)+(($H$46+$H$47)/$C$46)+($H$49/$C$49)) -> 1203.2087 | D62: =$H$50/5 -> 226.72083 | E62: =IF($H$6,IF($J$2="Lightning",$H$53/$H$7,0),0)+IF(J2="Lightning",I48,0)+IF(F21,C66,0)+IF(F22,C67,0)+IF(F9,IF(H6,C69,0),0)+IF(F24,C70,0) -> 178.39156 | F62: =IF(J4="Magma",I56,0)+IF($J$4="Searing",I55,0)+IF($J$4="Nova",I57,0)+B76+B77 -> 0 | G62: =C62+D62+E62+F62 -> 1608.321 | H62: =($H$50/5)+($H$43/$C$43)+IF($J$3="Flametongue",($H$45/$C$45)+($H$45/(60/(60/$C$46+$C$49))),0)+(IF($J$3="Windfury",$H$44*$P$19*2/60,0)+(($H$46+$H$47+$H$48)/$C$46)+($H$49/$C$49)+(IF($J$4="Searing",$H$55/$C$55,0)+(IF($J$4="Magma",$H$56/$C$56,0))))+IF($H$6,IF($J$2="Lightning",$H$53/$H$7,0),0)+IF($F$21,$C$66,0)+IF($F$22,$C$67,0)+IF($F$23,$C$68,0)+IF(J4="Nova",H57/C57,0)+B76+B77+IF(H6,IF(F9,C69,0),0) -> 1614.5875 | I62: =((C62*(1-$U$7))+(D62*1.5)+E62+(F62*($D$4*0.45)))*((IF($J$3="Rockbiter",1+$U$3,1)+IF(AND($J$3="Rockbiter",$F$11),$U$3*$U$4,0))*(1+$U$5)*IF($J$6,0.75,1)*IF($J$7,0.8,1)*IF($F$17,1.02,1)*IF($F$18,0.98,1))+IF(J5,J58,0) -> 1065.7497
A65: Procs | B65: Avg dmg | C65: Dps
A66: Sulfuras proc: | B66: =(((273+333)/2)+75)*(IF(J3="Flametongue",1+(D12*0.1),1)*(1+(D17*0.05)))*IF(H18,1.1,1)*IF(H19,1.15,1)*IF(H20,1.1,1)*(1+(N17/2))*(0.82+N18)*P13 -> 443.73618 | C66: =(B66*((((60/C43)+(60/C46)+(60/C49)+IF(J3="Windfury",60/C44,0))*1-$P$2)*0.185))/60 -> 69.206322 | E66: Crusader proc chance | G66: Nightfall proc chance | H66: 0.116 | J66: Fist proc chance: | K66: =1.2/(60/3.6) -> 0.072
A67: Neretzek proc: | B67: =((141+163)/2)+(N15-55)*IF(H18,1.1,1)*IF(H19,1.15*1.2,1)*IF(H20,1.1,1)*(1+((N17)/2))*(0.82+N18)*P13 -> 166.08686 | C67: =(B67*((((60/C43)+(60/C46)+(60/C49)+IF(J3="Windfury",60/C44,0))*(1-P2))*0.08633)/60) -> 11.459113 | E67: =1/(60/F4) -> 0.06 | G67: Nightfall uptime | H67: =1-EXP(-((H66*(1-SUM(P2:P3))/C43)+IF(J3="Windfury",(H66*(1-SUM(P2:P3))/C44),0)+(H66*(1-SUM(P2:P3))/C46)+(H66*(1-SUM(P2:P3))/C49))*7) -> 0.47740484 | J67: DTC proc chance: | K67: =1.2/(60/3.4) -> 0.068
A68: DTC proc: | B68: =250*(1-P12)*(1+P10)*IF(H13,1.04,1) -> 364.02244 | C68: =((B68/C43)*K67+(B68/C46)*K67+(B68/C49)*K67+IF(J3="Windfury",(B68/C44)*K67,0))*(1-SUM(P2:P3)) -> 19.78295
A69: Totem of Tides: | B69: =((25+33)/2)*(1+(D9*0.01))*IF(H18,1.1,1)*IF(H20,1.1,1)*(1+($N$17/2))*(0.83+$N$18)*$P$13*(H4) -> 31.410666 | C69: =IF(AND(H6,J2="Water"),B69/2,0) -> 0
A70: Forgotten order proc: | B70: =(((175+250)/2)+((N15-55)*0.25))*(1-SUM(P2:P3))*(P13)*(1+(N17/2))*(0.83+N18) -> 190.93502 | C70: =((B70/C43)*K66+(B70/C46)*K66+(B70/C49)*K66+IF(J3="Windfury",(B70/C44)*K66,0))*(1-SUM(P2:P3)) -> 10.986822
A71: Ft per min | B71: Ls nature hit | C71: Lshield hits | D71: Shocks | E71: Neretzek? | F71: Spellstrike | G71: Total Spell Hits | H71: w/ spellstrike
A72: =(60/C45)+(60/C46)+(60/C49)*(0.83+$N$18) -> 36.413309 | C72: =60/C46 -> 6.6666667 | D72: =60/5 -> 12 | E72: =IF($F$22,$A$72*0.08,0) -> 0 | F72: =$A$72*($F$26*1) -> 0 | G72: =SUM(A72:E72)*(0.83+$N$18) -> 52.795772 | H72: =SUM(A72:F72)*(0.83+$N$18) -> 52.795772
A75: Totem weave | B75: Dps
A76: Nova+Searing | B76: =IF(J4="Nova+Searing",((H57/15)+((H55*(ROUNDDOWN((15-(4-D16))/C55,0)))/15))*H4,0) -> 0
A77: Nova+Magma | B77: =IF(J4="Nova+Magma",((H57/15)+((H56*(ROUNDDOWN((15-(4-D16))/C56,0)))/15))*H4,0) -> 0
A80: Totem of Tides
B81: 25-33 base damage
B82: 2s icd
A92: T3.5 3pc | B92: Melee attacks, ss, ls, 15% chance to proc EMPOWERED ls
B93: If its empowered: | C93: =IF(F15,((H48/C48)+(H48/C43)*0.15+(H48/C46)*0.15+(H48/C49)*0.15)*(1-P2),(H48/C48)*(1-P2)) -> 111.968
B94: If its normal: | C94: =IF(H6,H53/H7,0)+IF(AND(J2="Lightning",F15),((H53/C43)*0.15+(H53/C46)*0.15+(H53/C49)*0.15)*(1-P2),0) -> 66.423558
A97: T3.5 5pc | B97: 5% str, 10% haste, 10% chance on autos/wf hits

Sheet AgiWeight3
A1: Character Stats (In Gear) | C1: Talents | E1: Weps/Sets/Relics | G1: Encounter/Target | I1: Buffs | K1: Consumables | M1: Final Attributes | O1: Final Encounter Parameters | T1: Threat coefficients (and other modifiers)
A2: Bonus Strength | B2: ='Main(manual)'!B2 -> 92 | C2: Ancestral Knowledge | D2: ='Main(manual)'!D2 -> 5 | E2: Min Weapon Dam | F2: ='Main(manual)'!F2 -> 259 | G2: Fight Duration (sec) | H2: ='Main(manual)'!H2 -> 60 | I2: Shield | J2: ='Main(manual)'!J2 -> Lightning | K2: # of Major Mana | L2: ='Main(manual)'!L2 -> 1 | M2: Strength | N2: =ROUNDDOWN((IF(B19="Tauren",90,86)+IF(B19="Orc",2,0)+$B$2+IF($L$5,25,0)+IF($L$13,20,0)+IF($L$10,25,0)+IF($J$11,16,0)+ROUNDDOWN(IF($J$12,77*(1+U6),0),0)+IF($L$8,30,0))*IF($J$10,1.1,1)*(($D$2*0.01)+1)*IF(F16,1+(0.05*$R$2),1)+IF(F19,((100*(1+(D2*0.01))*IF(J10,1.1,1))*P24*IF(F16,1+(0.05*$R$2),1)),0)+IF(F24,((50*(1+(D2*0.01))*IF(J10,1.1,1))*R3*IF(F16,1+(0.05*$R$2),1)),0),0) -> 370 | O2: Miss+Dodge% | P2: =10%+((H3-60)*1.5%)-(MIN(B8-300,15)*0.001)-MIN($N$6,((H3-60)*1%)+5%) -> 0.056 | Q2: T3.5 5pc Uptime | R2: =1 - EXP( -( (0.1 * (1 - SUM(P2:P3)) / C43) + IF(AND(J3="Windfury",C44>0),(0.1 * (1 - SUM(P2:P3)) / C44),0) ) * 12 ) -> 0.3180569 | T2: Totemic Alignment | U2: =D4*0.45 -> 0
A3: Melee AP | B3: ='Main(manual)'!B3 -> 0 | C3: Thundering Strikes | D3: ='Main(manual)'!D3 -> 5 | E3: Max Weapon Dam | F3: ='Main(manual)'!F3 -> 389 | G3: Level | H3: ='Main(manual)'!H3 -> 63 | I3: Imbue | J3: ='Main(manual)'!J3 -> Flametongue | K3: # of Tea | L3: ='Main(manual)'!L3 -> 1 | M3: Melee AP | N3: =ROUNDDOWN((100+$B$3+IF($J$15,55,0)+(($N$2*2)+IF($L$7,35,0)+IF($L$9,40,0)+(P20*130)+IF($J$8,290,0)+IF($J$9,222,0)+IF($J$15,30,0)+IF($J$3="Rockbiter",653,0)+IF(AND($J$3="Rockbiter",$F$11),653*U4,0)+IF($J$25,(120*(15/MAX(H2,15))))+IF($J$28,(260*(20/MAX(H2,20))))+IF($J$29,(200*(20/MAX(H2,20))))))*IF($J$15,1.05,1),0) -> 1462 | O3: Parry% | P3: =IF($H$3=63,14%,5%+(($H$3-60)*0.75%))*IF($H$5,0,1) -> 0 | Q3: ForgottenOrder | R3: =1-EXP(-((K67*(1-SUM(P2:P3))/C43)+IF(J3="Windfury",(K67*(1-SUM(P2:P3))/C44),0)+(K67*(1-SUM(P2:P3))/C46)+(K67*(1-SUM(P2:P3))/C49))*15) -> 0.42462563 | T3: Rockbiter | U3: 0.35
A4: Bonus Agility | B4: ='Main(manual)'!B4+100 -> 177 | C4: Totemic Alignment | D4: ='Main(manual)'!D4 -> 0 | E4: Weapon Speed | F4: ='Main(manual)'!F4 -> 3.6 | G4: No. of Targets | H4: ='Main(manual)'!H4 -> 1 | I4: Fire Totem | J4: ='Main(manual)'!J4 -> Nova+Searing | K4: # of Rune | L4: ='Main(manual)'!L4 -> 0 | M4: Agility | N4: =ROUNDDOWN(($B$4+IF(B19="Tauren",50,52)+IF(B19="Troll",5,0)+IF($J$11,16,0)+IF($L$6,25,0)+IF($L$11,25,0)+ROUNDDOWN(IF($J$13,77*(1+U6),0),0))*IF($J$10,1.1,1)*(($D$2*0.01)+1),0) -> 406 | O4: Block% | P4: =IF($H$5,0,5%) -> 0 | T4: T2.5 Rockbiter buff | U4: 0.25
A5: Phys Crit | B5: ='Main(manual)'!B5 -> 0.04 | C5: Calming Winds | D5: ='Main(manual)'!D5 -> 0 | E5: Stonebreaker Totem | F5: ='Main(manual)'!F5 -> TRUE | G5: Attacking Behind | H5: ='Main(manual)'!H5 -> TRUE | I5: Stoneclaw totem | J5: ='Main(manual)'!J5 -> FALSE | K5: Elixir of Giants | L5: ='Main(manual)'!L5 -> TRUE | M5: Phys Crit | N5: =$N$4/2000+($D$3/100)+IF($L$6,0.02,0)+IF(J14,0.03,0)+B5+0.017+(0.0004*($B$8-300)) -> 0.3652 | O5: Glancing Chance | P5: =10%+(10%*($H$3-60)) -> 0.4 | T5: Spirit Armor | U5: =0.05*D18*F20 -> 0
A6: Phys Hit | B6: ='Main(manual)'!B6 -> 0.02 | C6: Flurry | D6: ='Main(manual)'!D6 -> 5 | E6: Crackling Totem | F6: ='Main(manual)'!F6 -> TRUE | G6: Being Attacked | H6: ='Main(manual)'!H6 -> FALSE | I6: Salvation | J6: ='Main(manual)'!J6 -> TRUE | K6: Mongoose | L6: ='Main(manual)'!L6 -> TRUE | M6: Phys Hit | N6: =$B$6+($D$11/100)+(B8-300)*0.002 -> 0.076 | O6: Block Value | P6: 38 | T6: Enhancing Totems | U6: =0.125*D7 -> 0
A7: Haste | B7: ='Main(manual)'!B7 -> 0.03 | C7: Enhancing Totems | D7: ='Main(manual)'!D7 -> 0 | E7: Totem of Rage | F7: ='Main(manual)'!F7 -> TRUE | G7: Shield Proc Interval | H7: ='Main(manual)'!H7 -> 4 | I7: Tranquil Air | J7: ='Main(manual)'!J7 -> FALSE | K7: Firewater | L7: ='Main(manual)'!L7 -> TRUE | M7: Haste | N7: =(1+B7)*IF(F16,1+(0.1*R2),1)*IF($L$12,1.02,1)*IF($J$17,MIN(1+(0.2*(30/H2)),1.2),1)*(1+((IF(D6>=1,0.05,0)+($D$6*0.03))*P18))*(1+(0.08*$P$21))*IF($J$24,1+(0.1*(10/H2)),1)*IF($J$27,MIN(1+(0.2*(15/H2)),1.2),1)-1 -> 0.2165542 | O7: Glancing Damage | P7: =MIN(65%+((B8-300)*2%),95% ) -> 0.91 | T7: Calming Winds | U7: =0.0833*D5*NOT(F20) -> 0
A8: Weapon Skill | B8: ='Main(manual)'!B8 -> 313 | C8: Element's Grace | D8: ='Main(manual)'!D8 -> 4 | E8: Broken Earth totem | F8: ='Main(manual)'!F8 -> FALSE | G8: Armour | H8: ='Main(manual)'!H8 -> 4211 | I8: Battle Shout | J8: ='Main(manual)'!J8 -> TRUE | K8: Juju Power | L8: ='Main(manual)'!L8 -> FALSE | M8: Intellect | N8: =ROUNDDOWN(($B$10+IF(B19="Tauren",85,86)+IF(B19="Troll",1,0)+IF($J$18,31,0)+IF($J$11,16,0))*IF($J$10,1.1,1)*(1+($D$2*0.01)),0) -> 336 | O8: Hit% | P8: =100%-SUM(P2:P5)-MIN(P9,N5-((H3-60)*0.01)) -> 0.2088 | T8: Element's Grace | U8: =0.02*D8 -> 0.08
A9: Armor Pen | B9: ='Main(manual)'!B9 -> 500 | C9: Concussion | D9: ='Main(manual)'!D9 -> 5 | E9: Totem of Tides | F9: ='Main(manual)'!F9 -> FALSE | G9: Sunder Armour | H9: ='Main(manual)'!H9 -> TRUE | I9: Might | J9: ='Main(manual)'!J9 -> TRUE | K9: Juju Might | L9: ='Main(manual)'!L9 -> FALSE | M9: MP5 | N9: =$B$11+IF($L$15,12,0) -> 12 | O9: Crit Cap | P9: =100%-SUM(P2:P5) -> 0.544 | T9: Stormstrike | U9: =J23*0.25 -> 0.25
A10: Bonus Intellect | B10: ='Main(manual)'!B10 -> 157 | C10: Convection | D10: ='Main(manual)'!D10 -> 2 | E10: T2 3pc | F10: ='Main(manual)'!F11 -> FALSE | G10: Curse of Reck | H10: ='Main(manual)'!H10 -> TRUE | I10: Kings | J10: ='Main(manual)'!J10 -> TRUE | K10: R.O.I.D.S | L10: ='Main(manual)'!L10 -> TRUE | M10: Spirit | N10: =ROUNDDOWN(($B$12+IF($B$19="Tauren",102,101)+IF($B$19="Orc",1,0)+IF($L$14,50,0)+IF($J$19,40,0)+IF($J$11,16,0))*IF($J$10,1.1,1)*(1+($D$2*0.01)),0) -> 244 | O10: Crit% Post Suppression | P10: =N5-((H3-60)*0.01) -> 0.3352
A11: MP5 | B11: ='Main(manual)'!B11 -> 0 | C11: Ele Devastation | D11: ='Main(manual)'!D11 -> 3 | E11: T2.5 5pc | F11: ='Main(manual)'!F12 -> FALSE | G11: Faerie Fire | H11: ='Main(manual)'!H11 -> TRUE | I11: MotW | J11: ='Main(manual)'!J11 -> TRUE | K11: Scorpok Assay | L11: ='Main(manual)'!L11 -> FALSE | M11: Meditation | N11: =$B$13+IF($J$20,0.05,0) -> 0.05 | O11: Effective Armour | P11: =H8-B9-IF(H9,2250,0)-IF(H12,2550,0)+IF(AND(H9,H12),2250,0)-IF(H10,640,0)-IF(H11,505,0) -> 16
A12: Bonus Spirit | B12: ='Main(manual)'!B12 -> 5 | C12: Elemental Weapons | D12: ='Main(manual)'!D12 -> 3 | E12: T3 2pc | F12: ='Main(manual)'!F13 -> TRUE | G12: Improved EA | H12: ='Main(manual)'!H12 -> TRUE | I12: Strength of Earth | J12: ='Main(manual)'!J12 -> TRUE | K12: Tel'Abim Medley | L12: ='Main(manual)'!L12 -> FALSE | M12: Mana Per 2 (5SR) | N12: =(17+(($N$10/5)*$N$11)+($N$9/2.5))+IF($J$22,10,0)+IF($J$21,15.6,0) -> 49.84 | O12: Armour DR | P12: =P11 / (P11 + 400 + 85 * 60) -> 0.0029006526
A13: Meditation | B13: ='Main(manual)'!B13 -> 0 | C13: Reverberation | D13: ='Main(manual)'!D13 -> 3 | E13: T3 4pc | F13: ='Main(manual)'!F14 -> FALSE | G13: Hemorrhage | H13: ='Main(manual)'!H13 -> TRUE | I13: Grace of Air | J13: ='Main(manual)'!J13 -> TRUE | K13: Power Mushroom | L13: ='Main(manual)'!L13 -> FALSE | M13: Raw Mana Pool | N13: =1240+($N$8*15) -> 6280 | O13: NPC Level Resist | P13: =1-(($H$3-60)*0.02) -> 0.94
A14: Spell Pen | B14: ='Main(manual)'!B14 -> 0 | C14: Call of Flame | D14: ='Main(manual)'!D14 -> 3 | E14: T3 6pc | F14: ='Main(manual)'!F15 -> FALSE | G14: Gift of Arthas | H14: ='Main(manual)'!H14 -> FALSE | I14: Leader of Pack | J14: ='Main(manual)'!J14 -> TRUE | K14: Zanza | L14: ='Main(manual)'!L14 -> TRUE | M14: Final Mana Pool | N14: =N13+(L2*2250)+(L3*1350)+(L4*1550)+(H2/2*N12)+((N19*59/60)*H2)+IF(J2="Water",130*(H2/H7),0) -> 14178.798 | O14: Effective NR | P14: =(MAX($H$15-$B$14-IF($H$17,25,0),0)) -> 0
A15: Nature Spellpower | B15: ='Main(manual)'!B15 -> 385 | C15: Elemental Focus | D15: ='Main(manual)'!D15 -> 1 | E15: T3.5 3pc | F15: ='Main(manual)'!F16 -> FALSE | G15: NR | H15: ='Main(manual)'!H15 -> 15 | I15: Trueshot Aura | J15: ='Main(manual)'!J15 -> FALSE | K15: Mageblood | L15: ='Main(manual)'!L15 -> TRUE | M15: Nature Spellpower | N15: =B15+IF(L16,150,0)+IF(L17,35,0)+IF(L18,55,0)+IF(L20,35,0)+IF(L21,15,0)+IF(L22,22,0)+IF(F25,132*P22,0)+IF($J$25,(60*(15/MAX(H2,15)))) -> 740.13073 | O15: Effective FR | P15: =(MAX($H$16-$B$14-IF($H$18,75,0),0)) -> 0
A16: Fire Spellpower | B16: ='Main(manual)'!B16 -> 432 | C16: Improved Fire Totems | D16: ='Main(manual)'!D16 -> 2 | E16: T3.5 5pc | F16: ='Main(manual)'!F17 -> FALSE | G16: FR | H16: ='Main(manual)'!H16 -> 15 | I16: Boomy Aura | J16: ='Main(manual)'!J16 -> FALSE | K16: Supreme Power | L16: ='Main(manual)'!L16 -> TRUE | M16: Fire Spellpower | N16: =B16+IF(L16,150,0)+IF(L17,35,0)+IF(L19,40,0)+IF(L20,35,0)+IF(L21,15,0)+IF(L22,22,0)+IF(F25,132*P22,0)+IF($J$25,(60*(15/MAX(H2,15)))) -> 772.13073 | O16: Ele Dev Uptime | P16: =1 - EXP( -( (P10 * (1 - SUM(P2:P3)) / C43) + IF(J3="Windfury",(P10 * (1 - SUM(P2:P3)) / C44),0) + (MIN(1, P10 + 0.02 * D8) * (1 - SUM(P2:P3)) / C49) + (MIN(1, P10 + 0.02 * D8) * (1 - SUM(P2:P3)) / C46) ) * 10 ) -> 0.86395206
A17: Spell Crit | B17: ='Main(manual)'!B17 -> 0.07 | C17: Elemental Fury | D17: ='Main(manual)'!D17 -> 2 | E17: Threat Gloves | F17: ='Main(manual)'!F18 -> FALSE | G17: Thunderfury | H17: ='Main(manual)'!H17 -> TRUE | I17: Bloodlust | J17: ='Main(manual)'!J17 -> FALSE | K17: Arcane Elixir | L17: ='Main(manual)'!L17 -> TRUE | M17: Spell Crit | N17: =B17+(($N$8)/59.2)%+(IF(L21,2%,0))+3.53%+(IF(J16,3%,0)) -> 0.18205676 | O17: Focus Uptime | P17: =IF(D15,1-(((1-$P$10)^(5/C43))*(1-(1-SUM($P$2,$P$3))*$P$10)^2)*((1-MIN(IF($H$3=63,0.83+$N$18,0.96+$N$18-(($H$3-60)*0.01)),0.99)*($N$17+IF($F$10,0.1,0)+U8+IF($F$12,5%,0)))^2),0) -> 0.88681174
A18: Spell Hit | B18: ='Main(manual)'!B18 -> 0.03 | C18: Spirit Armor | D18: ='Main(manual)'!D18 -> 0 | E18: Subtlety Cloak | F18: ='Main(manual)'!F19 -> TRUE | G18: Curse of Elements | H18: ='Main(manual)'!H18 -> TRUE | I18: Arcane Intellect | J18: ='Main(manual)'!J18 -> TRUE | K18: Nature Power | L18: ='Main(manual)'!L18 -> TRUE | M18: Spell Hit | N18: =$P$16*MIN(B18+(D11*1%)+IF(J20,1%,0)+(D11*0.03),16%)+(1-$P$16)*MIN(B18+(D11*1%)+IF(J20,1%,0),16%) -> 0.14775569 | O18: Flurry Uptime | P18: =LET( miss, SUM($P$2,$P$3), wf_enabled, IF($J$3="Windfury", 1, 0), p_auto_base, $P$10 * (1 - miss), p_spell_base, MIN(1, $P$10 + 0.02 * $D$8) * (1 - miss), p_wf, $P$10 * (1 - miss), wf_chance, 0.2, wf_rolls, 2, p_auto_eff, p_auto_base + wf_enabled * wf_chance * (1 - (1 - p_wf)^wf_rolls) * (1 - p_auto_base), p_spell_eff, p_spell_base + wf_enabled * wf_chance * (1 - (1 - p_wf)^wf_rolls) * (1 - p_spell_base), r, p_auto_eff / MAX($C$43, 0.00001) + p_spell_eff / C49 + p_spell_eff / C46, a, 1 / MAX($C$43, 0.00001), rho, r / MAX(a, 0.00001), uptime_time, (rho * (3 + 3*rho + rho^2)) / (1 + rho)^3, uptime_time ) -> 0.75135594
A19: Race | B19: ='Main(manual)'!B19 -> Troll | C19: Imp Molten Blast | D19: ='Main(manual)'!D19 -> 1 | E19: Crusader | F19: ='Main(manual)'!F20 -> FALSE | G19: Improved Scorch | H19: ='Main(manual)'!H19 -> TRUE | I19: Divine Spirit | J19: ='Main(manual)'!J19 -> TRUE | K19: Fire Power | L19: ='Main(manual)'!L19 -> TRUE | M19: JoW Hits (60 sec) | N19: =IF($H$21,((60/C43)+14.166+IF(J3="Windfury",(60/C44),0)+IF(J3="Flametongue",((60/C43)+(60/C46)+(60/C49)),0)+$F$72)*0.5*(1-SUM($P$3,$P$2)),0) -> 47.518606 | O19: Windfury Procs (60 sec) | P19: =IF(J3="Windfury",((60/C43)+(60/C49)+(60/C46))*0.2*(1-SUM($P$3,$P$2)),0) -> 0
E20: Using Shield? | F20: ='Main(manual)'!F21 -> FALSE | G20: Nightfall | H20: ='Main(manual)'!H20 -> TRUE | I20: Emerald Blessing | J20: ='Main(manual)'!J20 -> TRUE | K20: Dreamtonic | L20: ='Main(manual)'!L20 -> TRUE | O20: Stonebreaker Uptime | P20: =IF($F$5,1-(0.65^(10/$C$51)),0) -> 0.5775
E21: Sulfuras proc | F21: ='Main(manual)'!F22 -> FALSE | G21: Judgement of Wisdom | H21: ='Main(manual)'!H21 -> TRUE | I21: Wisdom | J21: ='Main(manual)'!J21 -> TRUE | K21: Dreamshard | L21: ='Main(manual)'!L21 -> TRUE | O21: Crackling Uptime | P21: =IF($F$6,1-EXP(-(0.15/(60/(60/C46))*8)),0) -> 0.12482668
A22: TPS | B22: =$I$61 -> 1199.5185 | E22: Neretzek proc | F22: ='Main(manual)'!F23 -> FALSE | I22: Mana Spring | J22: ='Main(manual)'!J22 -> TRUE | K22: Tel'Abim Delight | L22: ='Main(manual)'!L22 -> FALSE | O22: WoC Uptime | P22: =1-EXP(-(0.05/(60/$H$72))*10) -> 0.49341459
A23: DPS | B23: =$G$61 -> 1805.6951 | E23: DTC proc | F23: ='Main(manual)'!F24 -> FALSE | I23: Stormstrike | J23: ='Main(manual)'!J23 -> TRUE | K23: D.Breath Chili | L23: ='Main(manual)'!L23 -> TRUE | O23: Nobility Drape Uptime | P23: =1-EXP(-(0.2/(60/$H$72))*6) -> 0.80449114
E24: Forgotten Order proc | F24: ='Main(manual)'!F25 -> FALSE | I24: Berserking | J24: ='Main(manual)'!J24 -> TRUE | O24: Crusader Uptime | P24: =1-EXP(-((E67*(1-SUM(P2:P3))/C43)+IF(J3="Windfury",(E67*(1-SUM(P2:P3))/C44),0)+(E67*(1-SUM(P2:P3))/C46)+(E67*(1-SUM(P2:P3))/C49))*20) -> 0.47809814
A25: Total | B25: %asPhys | C25: %asMagic | E25: Wrath of Cenarius | F25: ='Main(manual)'!F27 -> TRUE | I25: Bloodfury | J25: ='Main(manual)'!J25 -> FALSE | K25: Stat Weights | L25: Weight (dps) | M25: Weight (ap) | N25: Weight (sp)
A26: =Sum(K43:K59) -> 1 | B26: =K43+K46+K49+K44 -> 0.31829983 | C26: =1-B26 -> 0.68170017 | E26: # of spellstrike items | F26: ='Main(manual)'!F28 -> 1 | I26: Elemental Mastery | J26: ='Main(manual)'!J26 -> FALSE | K26: 1 AP = | L26: =(APWeight!B23-B23)/100 -> #REF! | M26: =L26/$L$26 -> #REF! | N26: =L26/$L$35 -> #REF!
E27: T1 5pc | F27: ='Main(manual)'!F10 -> FALSE | I27: Kiss of the Spider | J27: ='Main(manual)'!J27 -> FALSE | K27: 1 str = | L27: =(StrWeight!B23-B23)/100 -> #REF! | M27: =L27/$L$26 -> #REF! | N27: =L27/$L$35 -> #REF!
E28: Hand of Edward | F28: ='Main(manual)'!F26 -> None | I28: Slayer's Crest | J28: ='Main(manual)'!J28 -> FALSE | K28: 1 agi = | L28: =(AgiWeight!B23-B23)/100 -> #REF! | M28: =L28/$L$26 -> #REF! | N28: =L28/$L$35 -> #REF!
I29: Molten Emberstone | J29: ='Main(manual)'!J29 -> FALSE | K29: 1 int = | L29: =(IntWeight!B23-B23)/100 -> #REF! | M29: =L29/$L$26 -> #REF! | N29: =L29/$L$35 -> #REF!
K30: 1% phys crit = | L30: =PhysCritWeight!B23-B23 -> #REF! | M30: =L30/$L$26 -> #REF! | N30: =L30/$L$35 -> #REF!
K31: 1% phys hit = | L31: =PhysHitWeight!B23-B23 -> #REF! | M31: =L31/$L$26 -> #REF! | N31: =L31/$L$35 -> #REF!
K32: 1% haste = | L32: =HasteWeight!B23-B23 -> #REF! | M32: =L32/$L$26 -> #REF! | N32: =L32/$L$35 -> #REF!
K33: 1 wep skill = | L33: =(WepSkillWeight!B23-B23) -> #REF! | M33: =L33/$L$26 -> #REF! | N33: =L33/$L$35 -> #REF!
K34: 1 ArP = | L34: =ArPWeight!B23-B23 -> #REF! | M34: =L34/$L$26 -> #REF! | N34: =L34/$L$35 -> #REF!
K35: 1 SP = | L35: =L37+L36 -> #REF! | M35: =L35/$L$26 -> #REF! | N35: =L35/$L$35 -> #REF!
K36: 1 nature SP = | L36: =NatureWeight!B23-B23 -> #REF! | M36: =L36/$L$26 -> #REF! | N36: =L36/$L$35 -> #REF!
K37: 1 fire SP = | L37: =FireWeight!B23-B23 -> #REF! | M37: =L37/$L$26 -> #REF! | N37: =L37/$L$35 -> #REF!
K38: 1 spell crit = | L38: =SpellCritWeight!B23-B23 -> #REF! | M38: =L38/$L$26 -> #REF! | N38: =L38/$L$35 -> #REF!
K39: 1 spell hit = | L39: =(SpellHitWeight!B23-B23) -> #REF! | M39: =L39/$L$26 -> #REF! | N39: =L39/$L$35 -> #REF!
K40: 1 spell pen = | L40: =SpellPenWeight!B23-B23 -> #REF! | M40: =L40/$L$26 -> #REF! | N40: =L40/$L$35 -> #REF!
A42: Spell | B42: Base | C42: Swing/CD TIme | D42: SP Coeff | E42: AP Coeff | F42: Min | G42: Max | H42: Avg Hit | I42: DPS | J42: TPS | K42: %ofTotalDPS | L42: Mana | M42: MPS | N42: OOM (sec)
A43: Auto-Attacks | B43: =$F$4 -> 3.6 | C43: =$F$4/(1+$N$7) -> 2.9591777 | E43: =14/F4 -> 3.8888889 | F43: =($F$2+($N$3/E43))*(1+U8)*IF($H$13,1.04,1)*(1-$P$12)+IF($H14,8,0) -> 711.09916 | G43: =($F$3+($N$3/E43))*(1+U8)*IF($H$13,1.04,1)*(1-$P$12)+IF($H14,8,0) -> 856.69162 | H43: =((AVERAGE(F43,G43)*$P$5*$P$7)+(AVERAGE(F43,G43)*$P$10*2)+(AVERAGE(F43,G43)*$P$8)+((AVERAGE(F43,G43)-$P$6)*$P$4)) -> 974.53875 | I43: =H43/C43 -> 329.32756 | J43: =I43*(IF($J$3="Rockbiter",1+U3,1)+IF(AND($J$3="Rockbiter",$F$11),U3*U4,0))*IF($J$6,0.75,1)*IF($J$7,0.8,1)*IF($F$17,1.02,1)*IF($F$18,0.98,1)*(1-U7)*(1+U5) -> 242.05576 | K43: =I43/$B$23 -> 0.1823827
A44: Windfury Attack | B44: =$F$4 -> 3.6 | C44: =IF($J$3="Windfury",60/(P19*2),0) -> 0 | F44: =($F$2+(($N$3+323)/$E$43))*(1+U8)*IF($H$13,1.04,1)*(1-$P$12)+IF($H14,8,0) -> 804.11835 | G44: =($F$3+(($N$3+323)/$E$43))*(1+U8)*IF($H$13,1.04,1)*(1-$P$12)+IF($H14,8,0) -> 949.7108 | H44: =((AVERAGE(F44,G44)*$P$5*$P$7)+(AVERAGE(F44,G44)*$P$10*2)+(AVERAGE(F44,G44)*$P$8)+((AVERAGE(F44,G44)-$P$6)*$P$4))*IF(J3="Windfury",1,0) -> 0 | I44: =IF($J$3="Windfury",(H44/C44),0) -> 0 | J44: =I44*(IF($J$3="Rockbiter",1+U3,1)+IF(AND($J$3="Rockbiter",$F$11),U3*U4,0))*IF($J$6,0.7,1)*IF($J$7,0.8,1)*IF($F$17,1.02,1)*IF($F$18,0.98,1)*(1-U7)*(1+U5) -> 0 | K44: =I44/$B$23 -> 0
A45: Flametongue | B45: =$F$4 -> 3.6 | C45: =$F$4/(1+$N$7) -> 2.9591777 | D45: =0.1 -> 0.1 | F45: =(29.5*$F$4+(D45*$N$16))*(1+IF(J3="Flametongue",0.1*$D$12,0))*(1+($D$14*0.05))*(1+($D$17*0.05))*IF($H$18,1.1,1)*IF($H$19,1.15,1)*IF($H$20,1+(0.1*H67),1)*IF(F27,1.45,1) -> 395.13522 | G45: =(29.5*$F$4+(D45*$N$16))*(1+IF(J3="Flametongue",0.1*$D$12,0))*(1+($D$14*0.05))*(1+($D$17*0.05))*IF($H$18,1.1,1)*IF($H$19,1.15,1)*IF($H$20,1+(0.1*H67),1)*IF(F27,1.45,1) -> 395.13522 | H45: =(AVERAGE(F45,G45))*(($N$17+$U$8)*(1.5+($D$17*0.25)))+(AVERAGE(F45,G45))*((MIN(IF($H$3=63,0.83+$N$18,0.96+$N$18-(($H$3-60)*0.01)),0.99))-($N$17+$U$8))*((1-$P$15*0.0025)*$P$13)*(1-P2-P3) -> 458.03921 | I45: =IF($J$3="Flametongue",(H45/C45)+(H45/C46)+(H45/C49)+IF(F23,((H45/C45)+(H45/C46)+(H45/C49))*K67,0)) -> 262.93413 | J45: =I45*(IF($J$3="Rockbiter",1+U3,1)+IF(AND($J$3="Rockbiter",$F$11),U3*U4,0))*IF($J$6,0.7,1)*IF($J$7,0.8,1)*IF($F$17,1.02,1)*IF($F$18,0.98,1)*(1-U7)*(1+U5) -> 180.37281 | K45: =I45/$B$23 -> 0.1456138
A46: Lstrike Physical | B46: 1.5 | C46: =IF($F$10,8.5,9) -> 9 | E46: =14/F4 -> 3.8888889 | F46: =F43*0.6*(1+U8) -> 460.79226 | G46: =G43*0.6*(1+U8) -> 555.13617 | H46: =(AVERAGE(F46,G46)*($P$10+$U$8)*(2*(1+$D$17*0.25))+(AVERAGE(F46,G46)*(1-$P$2-$P$3-$P$4-($P$10+U8)))+((AVERAGE(F46,G46)-$P$6)*$P$4)) -> 901.3317 | I46: =H46/C46 -> 100.14797 | J46: =I46*(IF($J$3="Rockbiter",1+U3,1)+IF(AND($J$3="Rockbiter",$F$11),U3*U4,0))*IF($J$6,0.75,1)*IF($J$7,0.8,1)*IF($F$17,1.02,1)*IF($F$18,0.98,1)*(1-U7)*(1+U5) -> 73.608756 | K46: =I46/$B$23 -> 0.055462279 | L46: =IF($J$2="Lightning",(182*(1-J26*0.2)),(182*(1-J26*0.2))-(150+($N$3/10)))-($P$17*0.6*182) -> 85.160158 | M46: =L46/C46 -> 9.4622398
A47: Lstrike Nature | B47: 1.5 | C47: =IF($F$10,8.5,9) -> 9 | D47: 0.05 | E47: =14/F4 -> 3.8888889 | F47: =(($F$2+($N$3/E43))*(0.2)+($D$47*$N$15))*(1+U8)*IF($H$20,1+(0.1*H67),1)*(1+(D17*0.05))*IF(J23,1+U9,1) -> 252.20193 | G47: =(($F$3+($N$3/E43))*(0.2)+($D$47*$N$15))*(1+U8)*IF($H$20,1+(0.1*H67),1)*(1+(D17*0.05))*IF(J23,1+U9,1) -> 292.18635 | H47: =(AVERAGE(F47,G47)*($P$10+$U$8)*(1.5+($D$17*0.25))+(AVERAGE(F47,G47)*(1-$P$2-$P$3-$P$4-($P$10+U8)))+((AVERAGE(F47,G47)-$P$6)*$P$4))*IF(J23,1+U9,1) -> 462.45784 | I47: =H47/C47 -> 51.384204 | J47: =I47*(IF($J$3="Rockbiter",1+U3,1)+IF(AND($J$3="Rockbiter",$F$11),U3*U4,0))*IF($J$6,0.75,1)*IF($J$7,0.8,1)*IF($F$17,1.02,1)*IF($F$18,0.98,1)*(1-U7)*(1+U5) -> 37.76739 | K47: =I47/$B$23 -> 0.028456744
A48: Empowered LS | B48: 1.5 | C48: =IF($F$10,8.5,9) -> 9 | D48: 0.265 | E48: 0.25 | F48: =IF($J$2="Lightning",(198+(D48*N15)+(E48*$N$3))*IF($J$23,1+U9,1)*IF($F$12,1.15,1)*(1+(D17*0.05))*(1+(D9*0.01))*IF($H$20,1+(0.1*H67),1)*IF(J26,1.15,1),0) -> 1306.1277 | G48: =IF($J$2="Lightning",(198+(D48*N15)+(E48*$N$3))*IF($J$23,1+U9,1)*IF($F$12,1.15,1)*(1+(D17*0.05))*(1+(D9*0.01))*IF($H$20,1+(0.1*H67),1)*IF(J26,1.15,1),0) -> 1306.1277 | H48: =G48*((1-$P$14*0.0025)*$P$13)*(1-P2-P3) -> 1159.0055 | I48: =IF(F15,((H48/C48)+(H48/C43)*0.15+(H48/C46)*0.15+(H48/C49)*0.15+IF(J3="Windfury",H48/C44,0)*0.15)*(1-P2),(H48/C48)*(1-P2)) -> 121.5668 | J48: =IF($J$2="Lightning",I48*(IF($J$3="Rockbiter",1+U3,1)+IF(AND($J$3="Rockbiter",$F$11),U3*U4,0))*IF($J$6,0.75,1)*IF($J$7,0.8,1)*IF($F$17,1.02,1)*IF($F$18,0.98,1)*(1+U5),((150+($N$3/10))/2)*(IF($J$3="Rockbiter",1+U3,1)+IF(AND($J$3="Rockbiter",$F$11),U3*U4,0))*IF($J$6,0.7,1)*IF($J$7,0.8,1)*IF($F$17,1.02,1)*IF($F$18,0.98,1)*(1+U5)) -> 89.351598 | K48: =I48/$B$23 -> 0.0673241 | L48: =IF($J$2="Lightning",(182*(1-J26*0.2)),(182*(1-J26*0.2))-(150+($N$3/10)))-($P$17*0.6*182) -> 85.160158 | M48: =L48/C48 -> 9.4622398
A49: Stormstrike | B49: 1.5 | C49: =IF($F$10,7.5,8) -> 8 | E49: =14/F4 -> 3.8888889 | F49: =$F$43*1.01*(1+U8) -> 775.66697 | G49: =$G$43*1.01*(1+U8) -> 934.47922 | H49: =(AVERAGE(F49,G49)*($P$10+$U$8)*2)+(AVERAGE(F49,G49)*(1-$P$2-$P$3-$P$4-($P$10+U8)))+((AVERAGE(F49,G49)-$P$6)*$P$4) -> 1162.2154 | I49: =H49/C49 -> 145.27692 | J49: =I49*(IF($J$3="Rockbiter",1+U3,1)+IF(AND($J$3="Rockbiter",$F$11),U3*U4,0))*IF($J$6,0.75,1)*IF($J$7,0.8,1)*IF($F$17,1.02,1)*IF($F$18,0.98,1)*(1-U7)*(1+U5) -> 106.77854 | K49: =I49/$B$23 -> 0.080454844 | L49: =(152*(1-J26*0.2))-($P$17*0.6*152) -> 71.12277 | M49: =L49/C49 -> 8.8903462
A50: Earth Shock | B50: 1.5 | C50: =6-($D$13*(1/3)) -> 5 | D50: 0.386 | E50: 0.1 | F50: =(492+(E50*$N$3)+(D50*$N$15)+IF(F7,30,0))*(1+(D17*0.05))*(1+(D9*0.01))*IF($J$23,1+U9,1)*IF(F14,1.1,1)*IF(J26,1.15,1)*IF($H$20,1+(0.1*H67),1) -> 1426.2037 | G50: =(520+(E50*$N$3)+(D50*$N$15)+IF(F7,30,0))*(1+(D17*0.05))*(1+(D9*0.01))*IF($J$23,1+U9,1)*IF(F14,1.1,1)*IF(J26,1.15,1)*IF($H$20,1+(0.1*H67),1) -> 1468.0677 | H50: =(AVERAGE(F50,G50))*(($N$17+$U$8+IF($F$14,0.05,0))*(1.5+($D$17*0.25)))+(AVERAGE(F50,G50))*((MIN(IF($H$3=63,0.83+$N$18,0.96+$N$18-(($H$3-60)*0.01)),0.99))-($N$17+$U$8+IF($F$14,0.05,0)))*((1-$P$14*0.0025)*$P$13) -> 1732.034 | I50: =H50*2/15 -> 230.93787 | J50: =I50*(IF($J$3="Rockbiter",1+U3,1)+IF(AND($J$3="Rockbiter",$F$11),U3*U4,0))*IF($J$6,0.75,1)*IF($J$7,0.8,1)*IF($F$17,1.02,1)*IF($F$18,0.98,1)*1.5*(1+U5) -> 254.609 | K50: =I50/$B$23 -> 0.12789417 | L50: =(450*(1-($D$10*0.02))*(1-J26*0.2))-($P$17*0.6*450) -> 192.56083 | M50: =L50/C50 -> 38.512166
A51: Flame Shock Initial | B51: 1.5 | C51: =6-($D$13*(1/3)) -> 5 | D51: 0.214 | E51: 0.085 | F51: =(293+(E51*$N$3)+(D51*$N$16)+IF($F$7,30,0))*(1+D9*0.01)*IF(J3="Flametongue",1+(D12*0.1),1)*(1+($D$14*0.05))*(1+($D$17*0.05))*IF($H$18,1.1,1)*IF($H$19,1.15,1)*IF($H$20,1+(0.1*H67),1)*IF(F14,1.1,1)*IF(J26,1.15,1) -> 1385.5273 | G51: =(293+(E51*$N$3)+(D51*$N$16)+IF($F$7,30,0))*(1+D9*0.01)*IF(J3="Flametongue",1+(D12*0.1),1)*(1+($D$14*0.05))*(1+($D$17*0.05))*IF($H$18,1.1,1)*IF($H$19,1.15,1)*IF($H$20,1+(0.1*H67),1)*IF(F14,1.1,1)*IF(J26,1.15,1) -> 1385.5273 | H51: =(AVERAGE(F51,G51))*(($N$17+$U$8+IF($F$14,0.05,0))*(1.5+($D$17*0.25)))+(AVERAGE(F51,G51))*((MIN(IF($H$3=63,0.83+$N$18,0.96+$N$18-(($H$3-60)*0.01)),0.99))-($N$17+$U$8+IF($F$14,0.05,0)))*((1-$P$15*0.0025)*$P$13) -> 1658.2967 | I51: =H51/15 -> 110.55312 | J51: =I51*(IF($J$3="Rockbiter",1+U3,1)+IF(AND($J$3="Rockbiter",$F$11),U3*U4,0))*IF($J$6,0.75,1)*IF($J$7,0.8,1)*IF($F$17,1.02,1)*IF($F$18,0.98,1)*(1+U5) -> 81.256541 | K51: =I51/$B$23 -> 0.061224686 | L51: =(410*(1-($D$10*0.02))*(1-J26*0.2)-($P$17*0.6*450)) -> 154.16083 | M51: =L51/C51 -> 30.832166
A52: Flame Shock DoT | B52: 1.5 | C52: 1.5 | D52: 0.1 | E52: 0.015 | F52: =(82+(E52*$N$3)+(D52*$N$16)+IF($F$7,30,0))*(1+D9*0.01)*IF(J3="Flametongue",1+(D12*0.1),1)*(1+($D$14*0.05))*(1+($D$17*0.05))*IF($H$18,1.1,1)*IF($H$19,1.15,1)*IF($H$20,1+(0.1*H67),1)*IF(F15,1.1,1)*IF(J26,1.15,1) -> 477.619 | G52: =(82+(E52*$N$3)+(D52*$N$16)+IF($F$7,30,0))*(1+D9*0.01)*IF(J3="Flametongue",1+(D12*0.1),1)*(1+($D$14*0.05))*(1+($D$17*0.05))*IF($H$18,1.1,1)*IF($H$19,1.15,1)*IF($H$20,1+(0.1*H67),1)*IF(F15,1.1,1)*IF(J26,1.15,1) -> 477.619 | H52: =(AVERAGE(F52,G52))*MIN(IF($H$3=63,0.83+$N$18,0.96+$N$18-(($H$3-60)*0.01)),0.99)*((1-$P$15*0.0025)*$P$13)*5 -> 2194.875 | I52: =H52/15 -> 146.325 | J52: =I52*(IF($J$3="Rockbiter",1+U3,1)+IF(AND($J$3="Rockbiter",$F$11),U3*U4,0))*IF($J$6,0.75,1)*IF($J$7,0.8,1)*IF($F$17,1.02,1)*IF($F$18,0.98,1)*(1+U5) -> 107.54888 | K52: =I52/$B$23 -> 0.081035276
A53: Lightning Shield | B53: 3.5 | C53: =$H$7 -> 4 | D53: 0.267 | F53: =(198+($N$15*$D$53))*(1+(D17*0.05))*(1+(D9*0.01))*IF(J26,1.15,1)*IF($H$20,1+(0.1*H67),1)*IF(J23,1+U9,1) -> 591.50129 | G53: =(198+($N$15*$D$53))*(1+(D17*0.05))*(1+(D9*0.01))*IF(J26,1.15,1)*IF($H$20,1+(0.1*H67),1)*IF(J23,1+U9,1) -> 591.50129 | H53: =F53*((1-$P$14*0.0025)*$P$13) -> 556.01121 | I53: =IF(H6,H53/H7,0) -> 0 | J53: =I53*(IF($J$3="Rockbiter",1+U3,1)+IF(AND($J$3="Rockbiter",$F$11),U3*U4,0))*IF($J$6,0.75,1)*IF($J$7,0.8,1)*IF($F$17,1.02,1)*IF($F$18,0.98,1)*(1+U5) -> 0 | K53: =IF(H6,I53/$B$23,0) -> 0 | L53: =370 -> 370 | M53: =L53/(9*H7) -> 10.277778
A54: Water Shield | B54: 3.5 | C54: =$H$7 -> 4 | F54: N/A | G54: N/A | H54: N/A | I54: N/A | J54: =65/H7 -> 16.25 | K54: N/A | L54: -130 | M54: =-130/H7 -> -32.5
A55: Searing | B55: 2.2 | C55: =2.2*(1-D16*0.1)+0.1 -> 1.86 | D55: 0.167 | F55: =(40+(D55*$N$16))*(1+($D$14*0.05))*(1+(IF(J3="Flametongue",($D$12*0.1),0)))*(1+($D$17*0.05))*(1+($D$9*0.01))*IF($H$18,1.1,1)*IF($H$19,1.15,1)*IF($H$20,1+(0.1*H67),1) -> 382.16616 | G55: =(54+(D55*$N$16))*(1+($D$14*0.05))*(1+(IF(J3="Flametongue",($D$12*0.1),0)))*(1+($D$17*0.05))*(1+($D$9*0.01))*IF($H$18,1.1,1)*IF($H$19,1.15,1)*IF($H$20,1+(0.1*H67),1) -> 413.83505 | H55: =(AVERAGE(F55,G55))*(($N$17+$U$8)*(1.5+($D$17*0.25)))+(AVERAGE(F55,G55))*((MIN(IF($H$3=63,0.83+$N$18,0.96+$N$18-(($H$3-60)*0.01)),0.99))-($N$17+$U$8))*((1-$P$15*0.0025)*$P$13) -> 476.35519 | I55: =IF(J4="Searing",H55/C55,0)+IF(J4="Nova+Searing",((H55*(ROUNDDOWN((15-(4-D16))/C55,0)))/15),0) -> 190.54208 | J55: =(H55/C55)*(IF($J$3="Rockbiter",1+U3,1)+IF(AND($J$3="Rockbiter",$F$11),U3*U4,0))*IF($J$6,0.7,1)*IF($J$7,0.8,1)*IF($F$17,1.02,1)*IF($F$18,0.98,1)*(0+U2)*(1+U5) -> 0 | K55: =IF(J4="Searing",I55/$B$23,0)+IF(J4="Nova+Searing",I55/B23,0) -> 0.10552284 | L55: 170 | M55: =L55/55 -> 3.0909091
A56: Magma | B56: 2 | C56: 2 | D56: 0.0333 | F56: =(75+(D56*$N$16))*(1+($D$14*0.05))*(1+(IF(J3="Flametongue",($D$12*0.1),0)))*(1+($D$17*0.05))*(1+($D$9*0.01))*IF($H$18,1.1,1)*IF($H$19,1.15,1)*IF($H$20,1+(0.1*H67),1) -> 227.81681 | G56: =(75+(D56*$N$16))*(1+($D$14*0.05))*(1+(IF(J3="Flametongue",($D$12*0.1),0)))*(1+($D$17*0.05))*(1+($D$9*0.01))*IF($H$18,1.1,1)*IF($H$19,1.15,1)*IF($H$20,1+(0.1*H67),1) -> 227.81681 | H56: =(AVERAGE(F56,G56))*(($N$17+$U$8)*(1.5+($D$17*0.25)))+(AVERAGE(F56,G56))*((MIN(IF($H$3=63,0.83+$N$18,0.96+$N$18-(($H$3-60)*0.01)),0.99))-($N$17+$U$8))*((1-$P$15*0.0025)*$P$13) -> 272.66722 | I56: =IF(J4="Magma",(H56/C56)*H4,0)+IF(J4="Nova+Magma",((H56*(ROUNDDOWN((15-(4-D16))/C56,0)))/15)*H4,0) -> 0 | J56: =(H56/C56)*(IF($J$3="Rockbiter",1+U3,1)+IF(AND($J$3="Rockbiter",$F$11),U3*U4,0))*IF($J$6,0.7,1)*IF($J$7,0.8,1)*IF($F$17,1.02,1)*IF($F$18,0.98,1)*(0+U2)*(1+U5)*(1-D16*0.25) -> 0 | K56: =IF(J4="Magma",I56/$B$23,0)+IF(J4="Nova+Magma",I56/B23,0) -> 0 | L56: 650 | M56: =L56/20 -> 32.5
A57: Nova | B57: 4 | C57: =15 -> 15 | D57: 0.143 | F57: =(413+(D57*$N$16))*(1+($D$14*0.05))*(1+(IF(J3="Flametongue",($D$12*0.1),0)))*(1+($D$17*0.05))*(1+($D$9*0.01))*IF($H$18,1.1,1)*IF($H$19,1.15,1)*IF($H$20,1+(0.1*H67),1) -> 1183.9972 | G57: =(459+(D57*$N$16))*(1+($D$14*0.05))*(1+(IF(J3="Flametongue",($D$12*0.1),0)))*(1+($D$17*0.05))*(1+($D$9*0.01))*IF($H$18,1.1,1)*IF($H$19,1.15,1)*IF($H$20,1+(0.1*H67),1) -> 1288.0521 | H57: =(AVERAGE(F57,G57))*(($N$17+$U$8)*(1.5+($D$17*0.25)))+(AVERAGE(F57,G57))*((MIN(IF($H$3=63,0.83+$N$18,0.96+$N$18-(($H$3-60)*0.01)),0.99))-($N$17+$U$8))*((1-$P$15*0.0025)*$P$13) -> 1479.3614 | I57: =IF(J4="Nova",(H57/C57)*H4,0)+IF(J4="Nova+Magma",(H57/C57)*H4,0)+IF(J4="Nova+Searing",(H57/C57)*H4,0) -> 98.624095 | J57: =(H57/C57)*(IF($J$3="Rockbiter",1+U3,1)+IF(AND($J$3="Rockbiter",$F$11),U3*U4,0))*IF($J$6,0.7,1)*IF($J$7,0.8,1)*IF($F$17,1.02,1)*IF($F$18,0.98,1)*(0+U2)*(1+U5) -> 0 | K57: =I57/$B$23 -> 0.054618353 | L57: 525 | M57: =L57/15 -> 35
A58: Stoneclaw | B58: 2 | C58: 1.5 | F58: 0 | G58: 0 | H58: 0 | J58: =((150/C58)*(IF($J$3="Rockbiter",1+U3,1)+IF(AND($J$3="Rockbiter",$F$11),U3*U4,0))*IF($J$6,0.7,1)*IF($J$7,0.8,1)*IF($F$17,1.02,1)*IF($F$18,0.98,1)*(0+U2)*(1+U5)*MIN(IF($H$3=63,0.83+$N$18,0.96+$N$18-(($H$3-60)*0.01)),0.99))*H4 -> 0 | K58: =I58/$B$23 -> 0 | L58: 140
A59: Procs | D59: ` | I59: =IF(F22,C67,0)+IF(F21,C66,0)+IF(F23,C68,0)+IF(F9,C69,0)+IF(F24,C70,0)+IF(L23,D112,0)+IF(G86,D86,0) -> 18.07539 | J59: =I59*(IF($J$3="Rockbiter",1+U3,1)+IF(AND($J$3="Rockbiter",$F$11),U3*U4,0))*IF($J$6,0.75,1)*IF($J$7,0.8,1)*IF($F$17,1.02,1)*IF($F$18,0.98,1)*(1+U5) -> 13.285412 | K59: =I59/$B$23 -> 0.010010211
A60: Rotation | B60: Mana Threat | C60: Calming Winds Avg | D60: ES Avg | E60: Other Avg | F60: Fire Totem Avg | G60: Avg Total | H60: DPS | I60: TPS | J60: Mana | K60: MPS | L60: Out Of Mana (sec)
A61: 1 FS / 2 ES | C61: =(($H$43/$C$43))+IF($J$3="Flametongue",(H45/C45)+(H45/C46)+(H45/C49),0)+(IF($J$3="Windfury",$H$44*$P$19*2/60,0)+(($H$46+$H$47)/$C$46)+($H$49/$C$49)) -> 889.07078 | D61: =$H$50*2/15 -> 230.93787 | E61: =IF($H$6,IF($J$2="Lightning",$H$53/$H$7,0),0)+IF(J2="Lightning",I48,0)+(($H$51+$H$52)/15)+IF(F21,C66,0)+IF(F22,C67,0)+IF(F9,IF(H6,C69,0),0)+IF(F23,C68,0)+IF(F24,C70,0)+IF(G86,D86,0)+IF(L23,D112,0)+IF(F28="Molten Blast",E119,0)+IF(F28="Lightning Bolt",E116,0) -> 396.52031 | F61: =IF(J4="Magma",I56,0)+IF($J$4="Searing",I55,0)+IF($J$4="Nova",I57,0)+B76+B77 -> 289.16617 | G61: =SUM(C61,D61,E61,F61) -> 1805.6951 | H61: =((($H$51+$H$52)+($H$50*2))/15)+($H$43/$C$43)+IF($J$3="Flametongue",($H$45/$C$45)+($H$45/(60/(60/$C$46+$C$49))),0)+(IF($J$3="Windfury",$H$44*$P$19*2/60,0)+(($H$46+$H$47+$H$48)/$C$46)+($H$49/$C$49)+(IF($J$4="Searing",$H$55/$C$55,0)+(IF($J$4="Magma",$H$56/$C$56,0))))+IF($H$6,IF($J$2="Lightning",$H$53/$H$7,0),0)+IF($F$21,$C$66,0)+IF($F$22,$C$67,0)+IF($F$23,$C$68,0)+IF(J4="Nova",H57/C57,0)+B76+B77+IF(H6,IF(F9,C69,0),0) -> 1798.6483 | I61: =((C61*(1-$U$7))+(D61*1.5)+E61+(F61*($D$4*0.45)))*((IF($J$3="Rockbiter",1+$U$3,1)+IF(AND($J$3="Rockbiter",$F$11),$U$3*$U$4,0))*(1+$U$5)*IF($J$6,0.75,1)*IF($J$7,0.8,1)*IF($F$17,1.02,1)*IF($F$18,0.98,1))+IF(J5,J58,0) -> 1199.5185
A62: ES only | C62: =(($H$43/$C$43))+IF($J$3="Flametongue",(H45/C45)+(H45/C46)+(H45/C49),0)+(IF($J$3="Windfury",$H$44*$P$19*2/60,0)+(($H$46+$H$47)/$C$46)+($H$49/$C$49)) -> 889.07078 | D62: =$H$50/5 -> 346.40681 | E62: =IF($H$6,IF($J$2="Lightning",$H$53/$H$7,0),0)+IF(J2="Lightning",I48,0)+IF(F21,C66,0)+IF(F22,C67,0)+IF(F9,IF(H6,C69,0),0)+IF(F24,C70,0)+IF(G86,D86,0)+IF(L23,D112,0)+IF(F26="Molten Blast",E119,0)+IF(F26="Lightning Bolt",E116,0) -> 139.64219 | F62: =IF(J4="Magma",I56,0)+IF($J$4="Searing",I55,0)+IF($J$4="Nova",I57,0)+B76+B77 -> 289.16617 | G62: =C62+D62+E62+F62 -> 1664.2859 | H62: =($H$50/5)+($H$43/$C$43)+IF($J$3="Flametongue",($H$45/$C$45)+($H$45/(60/(60/$C$46+$C$49))),0)+(IF($J$3="Windfury",$H$44*$P$19*2/60,0)+(($H$46+$H$47+$H$48)/$C$46)+($H$49/$C$49)+(IF($J$4="Searing",$H$55/$C$55,0)+(IF($J$4="Magma",$H$56/$C$56,0))))+IF($H$6,IF($J$2="Lightning",$H$53/$H$7,0),0)+IF($F$21,$C$66,0)+IF($F$22,$C$67,0)+IF($F$23,$C$68,0)+IF(J4="Nova",H57/C57,0)+B76+B77+IF(H6,IF(F9,C69,0),0) -> 1657.2391 | I62: =((C62*(1-$U$7))+(D62*1.5)+E62+(F62*($D$4*0.45)))*((IF($J$3="Rockbiter",1+$U$3,1)+IF(AND($J$3="Rockbiter",$F$11),$U$3*$U$4,0))*(1+$U$5)*IF($J$6,0.75,1)*IF($J$7,0.8,1)*IF($F$17,1.02,1)*IF($F$18,0.98,1))+IF(J5,J58,0) -> 1138.0175
A65: Procs | B65: Avg dmg | C65: Dps
A66: Sulfuras proc: | B66: =(((273+333)/2)+75)*(IF(J3="Flametongue",1+(D12*0.1),1)*(1+(D17*0.05)))*IF(H18,1.1,1)*IF(H19,1.15,1)*IF(H20,1.1,1)*(1+(N17/2))*(0.82+N18)*P13 -> 746.51868 | C66: =(B66*((((60/C43)+(60/C46)+(60/C49)+IF(J3="Windfury",60/C44,0))*1-$P$2)*0.185))/60 -> 79.149835 | E66: Crusader proc chance | G66: Nightfall proc chance | H66: 0.116 | J66: Fist proc chance: | K66: =1.2/(60/3.6) -> 0.072
A67: Neretzek proc: | B67: =((141+163)/2)+(N15-55)*IF(H18,1.1,1)*IF(H19,1.15*1.2,1)*IF(H20,1.1,1)*(1+((N17)/2))*(0.82+N18)*P13 -> 1287.4487 | C67: =(B67*((((60/C43)+(60/C46)+(60/C49)+IF(J3="Windfury",60/C44,0))*(1-P2))*0.08633)/60) -> 60.229323 | E67: =1/(60/F4) -> 0.06 | G67: Nightfall uptime | H67: =1-EXP(-((H66*(1-SUM(P2:P3))/C43)+IF(J3="Windfury",(H66*(1-SUM(P2:P3))/C44),0)+(H66*(1-SUM(P2:P3))/C46)+(H66*(1-SUM(P2:P3))/C49))*7) -> 0.3559764 | J67: DTC proc chance: | K67: =1.2/(60/3.4) -> 0.068
A68: DTC proc: | B68: =250*(1-P12)*(1+P10)*IF(H13,1.04,1) -> 346.14503 | C68: =((B68/C43)*K67+(B68/C46)*K67+(B68/C49)*K67+IF(J3="Windfury",(B68/C44)*K67,0))*(1-SUM(P2:P3)) -> 12.755084
A69: Totem of Tides: | B69: =((25+33)/2)*(1+(D9*0.01))*IF(H18,1.1,1)*IF(H20,1.1,1)*(1+($N$17/2))*(0.83+$N$18)*$P$13*(H4) -> 36.945957 | C69: =IF(AND(H6,J2="Water"),B69/2,0) -> 0
A70: Forgotten order proc: | B70: =(((175+250)/2)+((N15-55)*0.25))*(1-SUM(P2:P3))*(P13)*(1+(N17/2))*(0.83+N18) -> 363.28847 | C70: =((B70/C43)*K66+(B70/C46)*K66+(B70/C49)*K66+IF(J3="Windfury",(B70/C44)*K66,0))*(1-SUM(P2:P3)) -> 14.17426
A71: Ft per min | B71: Ls nature hit | C71: Lshield hits | D71: Shocks | E71: Neretzek? | F71: Spellstrike | G71: Total Spell Hits | H71: w/ spellstrike
A72: =((60/C45)+(60/C46)+(60/C49))*(0.83+$N$18)*(1-$P$2) -> 31.790539 | B72: 0 | C72: =(60/C46)*(1-P2) -> 6.2933333 | D72: =(60/5)*(0.83+$N$18) -> 11.733068 | E72: =IF($F$23,$A$72*0.08,0) -> 0 | F72: =$A$72*($F$26*1) -> 31.790539 | G72: =SUM(A72:E72) -> 49.816941 | H72: =SUM(A72:F72) -> 81.60748
A75: Totem weave | B75: Dps
A76: Nova+Searing | B76: =IF(J4="Nova+Searing",((H57/15)+((H55*(ROUNDDOWN((15-(4-D16))/C55,0)))/15))*H4,0) -> 289.16617
A77: Nova+Magma | B77: =IF(J4="Nova+Magma",((H57/15)+((H56*(ROUNDDOWN((15-(4-D16))/C56,0)))/15))*H4,0) -> 0
A80: Totem of Tides
B81: 25-33 base damage
B82: 2s icd
B85: Dmg | C85: Procs | D85: DPS | E85: Self DPS | F85: Fire res | G85: Forbidden checkbox
A86: OBD | B86: =(250+(N16*0.4286))*IF(J3="Flametongue",1.3,1)*(1+(D17*0.05))*IF(H19,1.15,1)*IF(H18,1.1,1)*IF(H20,1.05,1) -> 1103.4269 | C86: =IF(AND(J3="Flametongue",F26=0),A72*0.2,0)+IF(AND(J3="Flametongue",F26=1),A72*0.36,0)+IF(AND(J3="Flametongue",F26=2),A72*0.488,0)+IF(AND(J3="Flametongue",F26=3),A72*0.5904,0)+D72*0.2 -> 13.791208 | D86: =(B86*C86/60)*(0.83+N18)*P13*((1-$P$15*0.0025)) -> 233.10567 | E86: =(B86*C86/60)*(1-(F86*0.0025))*(0.88) -> 119.96533 | F86: ='Main(manual)'!F86 -> 185 | G86: ='Main(manual)'!G86 -> FALSE
A92: T3.5 3pc | B92: Melee attacks, ss, ls, 15% chance to proc EMPOWERED ls
B93: If its empowered: | C93: =IF(F15,((H48/C48)+(H48/C43)*0.15+(H48/C46)*0.15+(H48/C49)*0.15)*(1-P2),(H48/C48)*(1-P2)) -> 121.5668
B94: If its normal: | C94: =IF(H6,H53/H7,0)+IF(AND(J2="Lightning",F15),((H53/C43)*0.15+(H53/C46)*0.15+(H53/C49)*0.15)*(1-P2),0) -> 0
A97: T3.5 5pc | B97: 5% str, 10% haste, 10% chance on autos/wf hits
B111: Damage | C111: Procs | D111: DPS | E111: Effective Coef. | F111: Stat weight add
A112: Dragonbreath Chili | B112: =(65+N16*0.33)*IF(J3="Flametongue",1.3,1)*(1+(0.05*D12))*(1+(N17/2))*(0.83+N18)*P13*(1-SUM(P2:P3))*IF(H18,1.1,1)*IF(H19,1.15,1)*IF(H20,1.1,1) -> 629.75753 | C112: =(60/C43)*0.05+(60/C46)*0.05+(60/C49)*0.05+IF(J3="Windfury",(60/C44)*0.05,0) -> 1.7221285 | D112: =(B112*C112)/60 -> 18.07539 | E112: =0.33*IF(J3="Flametongue",1.3,1)*(1+(0.05*D12))*(1+(N17/2))*(0.83+N18)*P13*(1-SUM(P2:P3))*IF(H18,1.1,1)*IF(H19,1.15,1)*IF(H20,1.1,1) -> 0.64983723 | F112: =(E112*C112)/60 -> 0.01865172
A115: Hand of Edward | B115: Damage | C115: Proc chance | D115: PPM | E115: Dps
A116: Lightning Bolt | B116: =(AVERAGE(450,501)+N15*(3/3.5))*1.05*1.1*1.1666*1.05*(1+(N17))*(0.83+N18)*P13 -> 1705.9754 | C116: =2.4/(60/1.6) -> 0.064 | D116: =C116*(60/C43+IF(J3="Windfury",60/C44,0)+60/C46+60/C49)*(1-P2) -> 2.0808823 | E116: =B116*D116/60 -> 59.165567
A117: Chain Lightning | B117: =(AVERAGE(493,552)+N15*(2.5/3.5))*1.05*1.1*1.1666*1.05*(1+(N17))*(0.83+N18)*P13 -> 1615.6995 | C117: =2.4/(60/1.6) -> 0.064 | D117: =C116*(60/C43+IF(J3="Windfury",60/C44,0)+60/C46+60/C49)*(1-P2) -> 2.0808823 | E117: =B117*D117/60 -> 56.034676
A118: Molten Blast | B118: =(AVERAGE(290,332)+N16*(2/3.5))*(1+D9*0.01)*IF(J3="Flametongue",1+(D12*0.1),1)*(1+($D$14*0.05))*(1+($D$17*0.05))*IF($H$18,1.1,1)*IF($H$19,1.15,1)*IF($H$20,1+(0.1*H67),1)*IF(F16,1.1,1)*IF(J26,1.15,1) -> 1701.5637 | C118: =2.4/(60/1.6) -> 0.064 | D118: =C116*(60/C43+IF(J3="Windfury",60/C44,0)+60/C46+60/C49)*(1-P2) -> 2.0808823 | E118: =B118*D118/60 -> 59.012564
A119: Rekindle | B119: =((G52*5)*(0.83+N18)*(1+N17/(2-D17*0.5)))*B120*(0.3*(D19)+IF(B121,0.2,0))*(0.83+N18)*(P13-0.0025*P15)*IF(J3="Flametongue",1+0.1*D12,1)*(1+0.05*D17)*(1+0.05*D14)*(1+0.01*D9)*IF(H18,1.1,1)*IF(H19,1.15,1)*IF(H20,1.05,1) -> 1745.4312 | E119: =E118+(B119*D118/60) -> 119.54651
A120: % of FlS Refreshed | B120: ='Main(manual)'!B120 -> 0.6
A121: Totem of Eruption | B121: ='Main(manual)'!B121 -> TRUE

Sheet AgiWeight4
A1: Character Stats (In Gear) | C1: Talents | E1: Weps/Sets/Relics | G1: Encounter/Target | I1: Buffs | K1: Consumables | M1: Final Attributes | O1: Final Encounter Parameters | T1: Threat coefficients (and other modifiers)
A2: Bonus Strength | B2: ='Main(automatic)'!B2 -> 236 | C2: Ancestral Knowledge | D2: ='Main(automatic)'!D2 -> 5 | E2: Min Weapon Dam | F2: ='Main(automatic)'!F2 -> 242 | G2: Fight Duration (sec) | H2: ='Main(automatic)'!H2 -> 90 | I2: Shield | J2: ='Main(automatic)'!J2 -> Lightning | K2: # of Major Mana | L2: ='Main(automatic)'!L2 -> 2 | M2: Strength | N2: =ROUNDDOWN((IF(B19="Tauren",90,86)+IF(B19="Orc",2,0)+$B$2+IF($L$5,25,0)+IF($L$13,20,0)+IF($L$10,25,0)+IF($J$11,16,0)+ROUNDDOWN(IF($J$12,77*(1+U6),0),0)+IF($L$8,30,0))*IF($J$10,1.1,1)*(($D$2*0.01)+1)*IF(F16,1+(0.05*$R$2),1)+IF(F19,((100*(1+(D2*0.01))*IF(J10,1.1,1))*P24*IF(F16,1+(0.05*$R$2),1)),0)+IF(F24,((50*(1+(D2*0.01))*IF(J10,1.1,1))*R3*IF(F16,1+(0.05*$R$2),1)),0),0) -> 606 | O2: Miss+Dodge% | P2: =10%+((H3-60)*1.5%)-(MIN(B8-300,15)*0.001)-MIN($N$6,((H3-60)*1%)+5%) -> 0.053 | Q2: T3.5 5pc Uptime | R2: =1 - EXP( -( (0.1 * (1 - SUM(P2:P3)) / C43) + IF(AND(J3="Windfury",C44>0),(0.1 * (1 - SUM(P2:P3)) / C44),0) ) * 12 ) -> 0.49962271 | T2: Totemic Alignment | U2: =D4*0.45 -> 0
A3: Melee AP | B3: ='Main(automatic)'!B3 -> 198 | C3: Thundering Strikes | D3: ='Main(automatic)'!D3 -> 5 | E3: Max Weapon Dam | F3: ='Main(automatic)'!F3 -> 366 | G3: Level | H3: ='Main(automatic)'!H3 -> 63 | I3: Imbue | J3: ='Main(automatic)'!J3 -> Windfury | K3: # of Tea | L3: ='Main(automatic)'!L3 -> 2 | M3: Melee AP | N3: =ROUNDDOWN((100+$B$3+IF($J$15,55,0)+(($N$2*2)+IF($L$7,35,0)+IF($L$9,40,0)+(P20*130)+IF($J$8,290,0)+IF($J$9,222,0)+IF($J$15,30,0)+IF($J$3="Rockbiter",653,0)+IF(AND($J$3="Rockbiter",$F$11),653*U4,0)+IF($J$25,(120*(15/MAX(H2,15))))+IF($J$28,(260*(20/MAX(H2,20))))+IF($J$29,(200*(20/MAX(H2,20))))))*IF($J$15,1.05,1),0) -> 2077 | O3: Parry% | P3: =IF($H$3=63,14%,5%+(($H$3-60)*0.75%))*IF($H$5,0,1) -> 0 | Q3: ForgottenOrder | R3: =1-EXP(-((K67*(1-SUM(P2:P3))/C43)+IF(J3="Windfury",(K67*(1-SUM(P2:P3))/C44),0)+(K67*(1-SUM(P2:P3))/C46)+(K67*(1-SUM(P2:P3))/C49))*15) -> 0.55806971 | T3: Rockbiter | U3: 0.35
A4: Bonus Agility | B4: ='Main(automatic)'!B4+100 -> 295 | C4: Totemic Alignment | D4: ='Main(automatic)'!D4 -> 0 | E4: Weapon Speed | F4: ='Main(automatic)'!F4 -> 3.6 | G4: No. of Targets | H4: ='Main(automatic)'!H4 -> 1 | I4: Fire Totem | J4: ='Main(automatic)'!J4 -> None | K4: # of Rune | L4: ='Main(automatic)'!L4 -> 0 | M4: Agility | N4: =ROUNDDOWN(($B$4+IF(B19="Tauren",50,52)+IF(B19="Troll",5,0)+IF($J$11,16,0)+IF($L$6,25,0)+IF($L$11,25,0)+ROUNDDOWN(IF($J$13,77*(1+U6),0),0))*IF($J$10,1.1,1)*(($D$2*0.01)+1),0) -> 585 | O4: Block% | P4: =IF($H$5,0,5%) -> 0 | T4: T2.5 Rockbiter buff | U4: 0.25
A5: Phys Crit | B5: ='Main(automatic)'!B5 -> 0.16 | C5: Calming Winds | D5: ='Main(automatic)'!D5 -> 3 | E5: Stonebreaker Totem | F5: ='Main(automatic)'!F5 -> FALSE | G5: Attacking Behind | H5: ='Main(automatic)'!H5 -> TRUE | I5: Stoneclaw totem | J5: ='Main(automatic)'!J5 -> FALSE | K5: Elixir of Giants | L5: ='Main(automatic)'!L5 -> TRUE | M5: Phys Crit | N5: =$N$4/2000+($D$3/100)+IF($L$6,0.02,0)+IF(J14,0.03,0)+B5+0.017+(0.0004*($B$8-300)) -> 0.5743 | O5: Glancing Chance | P5: =10%+(10%*($H$3-60)) -> 0.4 | T5: Spirit Armor | U5: =0.05*D18*F20 -> 0
A6: Phys Hit | B6: ='Main(automatic)'!B6 -> 0.04 | C6: Flurry | D6: ='Main(automatic)'!D6 -> 5 | E6: Crackling Totem | F6: ='Main(automatic)'!F6 -> FALSE | G6: Being Attacked | H6: ='Main(automatic)'!H6 -> TRUE | I6: Salvation | J6: ='Main(automatic)'!J6 -> TRUE | K6: Mongoose | L6: ='Main(automatic)'!L6 -> TRUE | M6: Phys Hit | N6: =$B$6+($D$11/100)+(B8-300)*0.002 -> 0.094 | O6: Block Value | P6: 38 | T6: Enhancing Totems | U6: =0.125*D7 -> 0.25
A7: Haste | B7: ='Main(automatic)'!B7 -> 0.082644412 | C7: Enhancing Totems | D7: ='Main(automatic)'!D7 -> 2 | E7: Totem of Rage | F7: ='Main(automatic)'!F7 -> FALSE | G7: Shield Proc Interval | H7: ='Main(automatic)'!H7 -> 4 | I7: Tranquil Air | J7: ='Main(automatic)'!J7 -> FALSE | K7: Firewater | L7: ='Main(automatic)'!L7 -> TRUE | M7: Haste | N7: =(1+B7)*IF(F16,1+(0.1*R2),1)*IF($L$12,1.02,1)*IF($J$17,MIN(1+(0.2*(30/H2)),1.2),1)*(1+((IF(D6>=1,0.05,0)+($D$6*0.03))*P18))*(1+(0.08*$P$21))*IF($J$24,1+(0.1*(10/H2)),1)*IF($J$27,MIN(1+(0.2*(15/H2)),1.2),1)-1 -> 0.35730378 | O7: Glancing Damage | P7: =MIN(65%+((B8-300)*2%),95% ) -> 0.89 | T7: Calming Winds | U7: =0.0833*D5*NOT(F20) -> 0.2499
A8: Weapon Skill | B8: ='Main(automatic)'!B8 -> 312 | C8: Element's Grace | D8: ='Main(automatic)'!D8 -> 5 | E8: Broken Earth totem | F8: ='Main(automatic)'!F8 -> FALSE | G8: Armour | H8: ='Main(automatic)'!H8 -> 4211 | I8: Battle Shout | J8: ='Main(automatic)'!J8 -> TRUE | K8: Juju Power | L8: ='Main(automatic)'!L8 -> FALSE | M8: Intellect | N8: =ROUNDDOWN(($B$10+IF(B19="Tauren",85,86)+IF(B19="Troll",1,0)+IF($J$18,31,0)+IF($J$11,16,0))*IF($J$10,1.1,1)*(1+($D$2*0.01)),0) -> 274 | O8: Hit% | P8: =100%-SUM(P2:P5)-MIN(P9,N5-((H3-60)*0.01)) -> 0.0027 | T8: Element's Grace | U8: =0.02*D8 -> 0.1
A9: Armor Pen | B9: ='Main(automatic)'!B9 -> 400 | C9: Concussion | D9: ='Main(automatic)'!D9 -> 5 | E9: Totem of Tides | F9: ='Main(automatic)'!F9 -> FALSE | G9: Sunder Armour | H9: ='Main(automatic)'!H9 -> TRUE | I9: Might | J9: ='Main(automatic)'!J9 -> TRUE | K9: Juju Might | L9: ='Main(automatic)'!L9 -> FALSE | M9: MP5 | N9: =$B$11+IF($L$15,12,0) -> 0 | O9: Crit Cap | P9: =100%-SUM(P2:P5) -> 0.547 | T9: Stormstrike | U9: =J23*0.25 -> 0.25
A10: Bonus Intellect | B10: ='Main(automatic)'!B10 -> 106 | C10: Convection | D10: ='Main(automatic)'!D10 -> 0 | E10: T2 3pc | F10: ='Main(automatic)'!F11 -> FALSE | G10: Curse of Reck | H10: ='Main(automatic)'!H10 -> TRUE | I10: Kings | J10: ='Main(automatic)'!J10 -> TRUE | K10: R.O.I.D.S | L10: ='Main(automatic)'!L10 -> FALSE | M10: Spirit | N10: =ROUNDDOWN(($B$12+IF($B$19="Tauren",102,101)+IF($B$19="Orc",1,0)+IF($L$14,50,0)+IF($J$19,40,0)+IF($J$11,16,0))*IF($J$10,1.1,1)*(1+($D$2*0.01)),0) -> 244 | O10: Crit% Post Suppression | P10: =N5-((H3-60)*0.01) -> 0.5443
A11: MP5 | B11: ='Main(automatic)'!B11 -> 0 | C11: Ele Devastation | D11: ='Main(automatic)'!D11 -> 3 | E11: T2.5 5pc | F11: ='Main(automatic)'!F12 -> FALSE | G11: Faerie Fire | H11: ='Main(automatic)'!H11 -> TRUE | I11: MotW | J11: ='Main(automatic)'!J11 -> TRUE | K11: Scorpok Assay | L11: ='Main(automatic)'!L11 -> TRUE | M11: Meditation | N11: =$B$13+IF($J$20,0.05,0) -> 0.05 | O11: Effective Armour | P11: =H8-B9-IF(H9,2250,0)-IF(H12,2550,0)+IF(AND(H9,H12),2250,0)-IF(H10,640,0)-IF(H11,505,0) -> 116
A12: Bonus Spirit | B12: ='Main(automatic)'!B12 -> 4 | C12: Elemental Weapons | D12: ='Main(automatic)'!D12 -> 3 | E12: T3 2pc | F12: ='Main(automatic)'!F13 -> TRUE | G12: Improved EA | H12: ='Main(automatic)'!H12 -> TRUE | I12: Strength of Earth | J12: ='Main(automatic)'!J12 -> TRUE | K12: Tel'Abim Medley | L12: ='Main(automatic)'!L12 -> FALSE | M12: Mana Per 2 (5SR) | N12: =(17+(($N$10/5)*$N$11)+($N$9/2.5))+IF($J$22,10,0)+IF($J$21,15.6,0) -> 45.04 | O12: Armour DR | P12: =P11 / (P11 + 400 + 85 * 60) -> 0.020655271
A13: Meditation | B13: ='Main(automatic)'!B13 -> 0 | C13: Reverberation | D13: ='Main(automatic)'!D13 -> 3 | E13: T3 4pc | F13: ='Main(automatic)'!F14 -> TRUE | G13: Hemorrhage | H13: ='Main(automatic)'!H13 -> FALSE | I13: Grace of Air | J13: ='Main(automatic)'!J13 -> TRUE | K13: Power Mushroom | L13: ='Main(automatic)'!L13 -> FALSE | M13: Raw Mana Pool | N13: =1240+($N$8*15) -> 5350 | O13: NPC Level Resist | P13: =1-(($H$3-60)*0.02) -> 0.94
A14: Spell Pen | B14: ='Main(automatic)'!B14 -> 0 | C14: Call of Flame | D14: ='Main(automatic)'!D14 -> 2 | E14: T3 6pc | F14: ='Main(automatic)'!F15 -> TRUE | G14: Gift of Arthas | H14: ='Main(automatic)'!H14 -> FALSE | I14: Leader of Pack | J14: ='Main(automatic)'!J14 -> TRUE | K14: Zanza | L14: ='Main(automatic)'!L14 -> TRUE | M14: Final Mana Pool | N14: =N13+(L2*2250)+(L3*1350)+(L4*1550)+(H2/2*N12)+((N19*59/60)*H2)+IF(J2="Water",130*(H2/H7),0) -> 16702.342 | O14: Effective NR | P14: =(MAX($H$15-$B$14-IF($H$17,25,0),0)) -> 0
A15: Nature Spellpower | B15: ='Main(automatic)'!B15 -> 0 | C15: Elemental Focus | D15: ='Main(automatic)'!D15 -> 1 | E15: T3.5 3pc | F15: ='Main(automatic)'!F16 -> FALSE | G15: NR | H15: ='Main(automatic)'!H15 -> 15 | I15: Trueshot Aura | J15: ='Main(automatic)'!J15 -> FALSE | K15: Mageblood | L15: ='Main(automatic)'!L15 -> FALSE | M15: Nature Spellpower | N15: =B15+IF(L16,150,0)+IF(L17,35,0)+IF(L18,55,0)+IF(L20,35,0)+IF(L21,15,0)+IF(L22,22,0)+IF(F25,132*P22,0)+IF($J$25,(60*(15/MAX(H2,15)))) -> 65 | O15: Effective FR | P15: =(MAX($H$16-$B$14-IF($H$18,75,0),0)) -> 110
A16: Fire Spellpower | B16: ='Main(automatic)'!B16 -> 0 | C16: Improved Fire Totems | D16: ='Main(automatic)'!D16 -> 0 | E16: T3.5 5pc | F16: ='Main(automatic)'!F17 -> FALSE | G16: FR | H16: ='Main(automatic)'!H16 -> 185 | I16: Boomy Aura | J16: ='Main(automatic)'!J16 -> FALSE | K16: Supreme Power | L16: ='Main(automatic)'!L16 -> FALSE | M16: Fire Spellpower | N16: =B16+IF(L16,150,0)+IF(L17,35,0)+IF(L19,40,0)+IF(L20,35,0)+IF(L21,15,0)+IF(L22,22,0)+IF(F25,132*P22,0)+IF($J$25,(60*(15/MAX(H2,15)))) -> 10 | O16: Ele Dev Uptime | P16: =1 - EXP( -( (P10 * (1 - SUM(P2:P3)) / C43) + IF(J3="Windfury",(P10 * (1 - SUM(P2:P3)) / C44),0) + (MIN(1, P10 + 0.02 * D8) * (1 - SUM(P2:P3)) / C49) + (MIN(1, P10 + 0.02 * D8) * (1 - SUM(P2:P3)) / C46) ) * 10 ) -> 0.98975756
A17: Spell Crit | B17: ='Main(automatic)'!B17 -> 0 | C17: Elemental Fury | D17: ='Main(automatic)'!D17 -> 0 | E17: Threat Gloves | F17: ='Main(automatic)'!F18 -> FALSE | G17: Thunderfury | H17: ='Main(automatic)'!H17 -> TRUE | I17: Bloodlust | J17: ='Main(automatic)'!J17 -> TRUE | K17: Arcane Elixir | L17: ='Main(automatic)'!L17 -> FALSE | M17: Spell Crit | N17: =B17+(($N$8)/59.2)%+(IF(L21,2%,0))+3.53%+(IF(J16,3%,0)) -> 0.081583784 | O17: Focus Uptime | P17: =IF(D15,1-(((1-$P$10)^(5/C43))*(1-(1-SUM($P$2,$P$3))*$P$10)^2)*((1-MIN(IF($H$3=63,0.83+$N$18,0.96+$N$18-(($H$3-60)*0.01)),0.99)*($N$17+IF($F$10,0.1,0)+U8+IF($F$12,5%,0)))^2),0) -> 0.96770956
A18: Spell Hit | B18: ='Main(automatic)'!B18 -> 0 | C18: Spirit Armor | D18: ='Main(automatic)'!D18 -> 0 | E18: Subtlety Cloak | F18: ='Main(automatic)'!F19 -> FALSE | G18: Curse of Elements | H18: ='Main(automatic)'!H18 -> TRUE | I18: Arcane Intellect | J18: ='Main(automatic)'!J18 -> TRUE | K18: Nature Power | L18: ='Main(automatic)'!L18 -> TRUE | M18: Spell Hit | N18: =$P$16*MIN(B18+(D11*1%)+IF(J20,1%,0)+(D11*0.03),16%)+(1-$P$16)*MIN(B18+(D11*1%)+IF(J20,1%,0),16%) -> 0.12907818 | O18: Flurry Uptime | P18: =LET( miss, SUM($P$2,$P$3), wf_enabled, IF($J$3="Windfury", 1, 0), p_auto_base, $P$10 * (1 - miss), p_spell_base, MIN(1, $P$10 + 0.02 * $D$8) * (1 - miss), p_wf, $P$10 * (1 - miss), wf_chance, 0.2, wf_rolls, 2, p_auto_eff, p_auto_base + wf_enabled * wf_chance * (1 - (1 - p_wf)^wf_rolls) * (1 - p_auto_base), p_spell_eff, p_spell_base + wf_enabled * wf_chance * (1 - (1 - p_wf)^wf_rolls) * (1 - p_spell_base), r, p_auto_eff / MAX($C$43, 0.00001) + p_spell_eff / C49 + p_spell_eff / C46, a, 1 / MAX($C$43, 0.00001), rho, r / MAX(a, 0.00001), uptime_time, (rho * (3 + 3*rho + rho^2)) / (1 + rho)^3, uptime_time ) -> 0.87668621
A19: Race | B19: ='Main(automatic)'!B19 -> Tauren | E19: Crusader | F19: ='Main(automatic)'!F20 -> TRUE | G19: Improved Scorch | H19: ='Main(automatic)'!H19 -> TRUE | I19: Divine Spirit | J19: ='Main(automatic)'!J19 -> TRUE | K19: Fire Power | L19: ='Main(automatic)'!L19 -> FALSE | M19: JoW Hits (60 sec) | N19: =IF($H$21,((60/C43)+14.166+IF(J3="Windfury",(60/C44),0)+IF(J3="Flametongue",((60/C43)+(60/C46)+(60/C49)),0)+$F$72)*0.5*(1-SUM($P$3,$P$2)),0) -> 24.017423 | O19: Windfury Procs (60 sec) | P19: =IF(J3="Windfury",((60/C43)+(60/C49)+(60/C46))*0.2*(1-SUM($P$3,$P$2)),0) -> 6.9677223
A20: Weapon Skill Book | B20: ='Main(automatic)'!B20 -> TRUE | E20: Using Shield? | F20: ='Main(automatic)'!F21 -> FALSE | G20: Nightfall | H20: ='Main(automatic)'!H20 -> FALSE | I20: Emerald Blessing | J20: ='Main(automatic)'!J20 -> TRUE | K20: Dreamtonic | L20: ='Main(automatic)'!L20 -> FALSE | O20: Stonebreaker Uptime | P20: =IF($F$5,1-(0.65^(10/$C$51)),0) -> 0
A21: Orc Racial Weapon Skill | B21: ='Main(automatic)'!B21 -> FALSE | E21: Sulfuras proc | F21: ='Main(automatic)'!F22 -> FALSE | G21: Judgement of Wisdom | H21: ='Main(automatic)'!H21 -> TRUE | I21: Wisdom | J21: ='Main(automatic)'!J21 -> TRUE | K21: Dreamshard | L21: ='Main(automatic)'!L21 -> FALSE | O21: Crackling Uptime | P21: =IF($F$6,1-(0.85^(8/$C$46)),0) -> 0
A22: TPS | B22: =$I$61 -> 1011.5326 | E22: Neretzek proc | F22: ='Main(automatic)'!F23 -> FALSE | I22: Mana Spring | J22: ='Main(automatic)'!J22 -> TRUE | K22: Tel'Abim Delight | L22: ='Main(automatic)'!L22 -> FALSE | O22: WoC Uptime | P22: =1-EXP(-(0.05/(60/$H$72))*10) -> 0.35645386
A23: DPS | B23: =$G$61 -> 1568.3956 | E23: DTC proc | F23: ='Main(automatic)'!F24 -> FALSE | I23: Stormstrike | J23: ='Main(automatic)'!J23 -> TRUE | O23: Nobility Drape Uptime | P23: =1-EXP(-(0.2/(60/$H$72))*6) -> 0.65279078
E24: Forgotten Order proc | F24: ='Main(automatic)'!F25 -> FALSE | I24: Berserking | J24: ='Main(automatic)'!J24 -> FALSE | O24: Crusader Uptime | P24: =1-EXP(-((E67*(1-SUM(P2:P3))/C43)+IF(J3="Windfury",(E67*(1-SUM(P2:P3))/C44),0)+(E67*(1-SUM(P2:P3))/C46)+(E67*(1-SUM(P2:P3))/C49))*20) -> 0.6173787
A25: Total | B25: %asPhys | C25: %asMagic | E25: Wrath of Cenarius | F25: ='Main(automatic)'!F26 -> FALSE | I25: Bloodfury | J25: ='Main(automatic)'!J25 -> TRUE | K25: Stat Weights | L25: Weight (dps) | M25: Weight (ap) | N25: Weight (sp)
A26: =Sum(K43:K59) -> 1 | B26: =K43+K46+K49+K44 -> 0.7211903 | C26: =1-B26 -> 0.2788097 | E26: # of spellstrike items | F26: ='Main(automatic)'!F27 -> 0 | I26: Elemental Mastery | J26: ='Main(automatic)'!J26 -> FALSE | K26: 1 AP = | L26: =(APWeight!B23-B23)/100 -> #REF! | M26: =L26/$L$26 -> #REF! | N26: =L26/$L$35 -> #REF!
E27: T1 5pc | F27: ='Main(automatic)'!F10 -> FALSE | I27: Kiss of the Spider | J27: ='Main(automatic)'!J27 -> FALSE | K27: 1 str = | L27: =(StrWeight!B23-B23)/100 -> #REF! | M27: =L27/$L$26 -> #REF! | N27: =L27/$L$35 -> #REF!
I28: Slayer's Crest | J28: ='Main(automatic)'!J28 -> FALSE | K28: 1 agi = | L28: =(AgiWeight!B23-B23)/100 -> #REF! | M28: =L28/$L$26 -> #REF! | N28: =L28/$L$35 -> #REF!
I29: Molten Emberstone | J29: ='Main(automatic)'!J29 -> FALSE | K29: 1 int = | L29: =(IntWeight!B23-B23)/100 -> #REF! | M29: =L29/$L$26 -> #REF! | N29: =L29/$L$35 -> #REF!
K30: 1% phys crit = | L30: =PhysCritWeight!B23-B23 -> #REF! | M30: =L30/$L$26 -> #REF! | N30: =L30/$L$35 -> #REF!
K31: 1% phys hit = | L31: =PhysHitWeight!B23-B23 -> #REF! | M31: =L31/$L$26 -> #REF! | N31: =L31/$L$35 -> #REF!
K32: 1% haste = | L32: =HasteWeight!B23-B23 -> #REF! | M32: =L32/$L$26 -> #REF! | N32: =L32/$L$35 -> #REF!
K33: 1 wep skill = | L33: =(WepSkillWeight!B23-B23) -> #REF! | M33: =L33/$L$26 -> #REF! | N33: =L33/$L$35 -> #REF!
K34: 1 ArP = | L34: =ArPWeight!B23-B23 -> #REF! | M34: =L34/$L$26 -> #REF! | N34: =L34/$L$35 -> #REF!
K35: 1 SP = | L35: =L37+L36 -> #REF! | M35: =L35/$L$26 -> #REF! | N35: =L35/$L$35 -> #REF!
K36: 1 nature SP = | L36: =NatureWeight!B23-B23 -> #REF! | M36: =L36/$L$26 -> #REF! | N36: =L36/$L$35 -> #REF!
K37: 1 fire SP = | L37: =FireWeight!B23-B23 -> #REF! | M37: =L37/$L$26 -> #REF! | N37: =L37/$L$35 -> #REF!
K38: 1 spell crit = | L38: =SpellCritWeight!B23-B23 -> #REF! | M38: =L38/$L$26 -> #REF! | N38: =L38/$L$35 -> #REF!
K39: 1 spell hit = | L39: =(SpellHitWeight!B23-B23) -> #REF! | M39: =L39/$L$26 -> #REF! | N39: =L39/$L$35 -> #REF!
K40: 1 spell pen = | L40: =SpellPenWeight!B23-B23 -> #REF! | M40: =L40/$L$26 -> #REF! | N40: =L40/$L$35 -> #REF!
A42: Spell | B42: Base | C42: Swing/CD TIme | D42: SP Coeff | E42: AP Coeff | F42: Min | G42: Max | H42: Avg Hit | I42: DPS | J42: TPS | K42: %ofTotalDPS | L42: Mana | M42: MPS | N42: OOM (sec)
A43: Auto-Attacks | B43: =$F$4 -> 3.6 | C43: =$F$4/(1+$N$7) -> 2.6523171 | E43: =14/F4 -> 3.8888889 | F43: =($F$2+($N$3/E43))*(1+U8)*IF($H$13,1.04,1)*(1-$P$12)+IF($H14,8,0) -> 836.061 | G43: =($F$3+($N$3/E43))*(1+U8)*IF($H$13,1.04,1)*(1-$P$12)+IF($H14,8,0) -> 969.64362 | H43: =((AVERAGE(F43,G43)*$P$5*$P$7)+(AVERAGE(F43,G43)*$P$10*2)+(AVERAGE(F43,G43)*$P$8)+((AVERAGE(F43,G43)-$P$6)*$P$4)) -> 1306.6981 | I43: =H43/C43 -> 492.66287 | J43: =I43*(IF($J$3="Rockbiter",1+U3,1)+IF(AND($J$3="Rockbiter",$F$11),U3*U4,0))*IF($J$6,0.75,1)*IF($J$7,0.8,1)*IF($F$17,1.02,1)*IF($F$18,0.98,1)*(1-U7)*(1+U5) -> 277.15982 | K43: =I43/$B$23 -> 0.314119
A44: Windfury Attack | B44: =$F$4 -> 3.6 | C44: =IF($J$3="Windfury",60/(P19*2),0) -> 4.3055677 | F44: =($F$2+(($N$3+323)/$E$43))*(1+U8)*IF($H$13,1.04,1)*(1-$P$12)+IF($H14,8,0) -> 925.53673 | G44: =($F$3+(($N$3+323)/$E$43))*(1+U8)*IF($H$13,1.04,1)*(1-$P$12)+IF($H14,8,0) -> 1059.1194 | H44: =((AVERAGE(F44,G44)*$P$5*$P$7)+(AVERAGE(F44,G44)*$P$10*2)+(AVERAGE(F44,G44)*$P$8)+((AVERAGE(F44,G44)-$P$6)*$P$4))*IF(J3="Windfury",1,0) -> 1436.1964 | I44: =IF($J$3="Windfury",(H44/C44),0) -> 333.56725 | J44: =I44*(IF($J$3="Rockbiter",1+U3,1)+IF(AND($J$3="Rockbiter",$F$11),U3*U4,0))*IF($J$6,0.7,1)*IF($J$7,0.8,1)*IF($F$17,1.02,1)*IF($F$18,0.98,1)*(1-U7)*(1+U5) -> 175.14616 | K44: =I44/$B$23 -> 0.21268055
A45: Flametongue | B45: =$F$4 -> 3.6 | C45: =$F$4/(1+$N$7) -> 2.6523171 | D45: =0.1 -> 0.1 | F45: =(29.5*$F$4+(D45*$N$16))*(1+IF(J3="Flametongue",0.1*$D$12,0))*(1+($D$14*0.05))*(1+($D$17*0.05))*IF($H$18,1.1,1)*IF($H$19,1.15,1)*IF($H$20,1+(0.1*H67),1)*IF(F27,1.45,1) -> 149.1688 | G45: =(29.5*$F$4+(D45*$N$16))*(1+IF(J3="Flametongue",0.1*$D$12,0))*(1+($D$14*0.05))*(1+($D$17*0.05))*IF($H$18,1.1,1)*IF($H$19,1.15,1)*IF($H$20,1+(0.1*H67),1)*IF(F27,1.45,1) -> 149.1688 | H45: =(AVERAGE(F45,G45))*(($N$17+$U$8)*(1.5+($D$17*0.25)))+(AVERAGE(F45,G45))*((MIN(IF($H$3=63,0.83+$N$18,0.96+$N$18-(($H$3-60)*0.01)),0.99))-($N$17+$U$8))*((1-$P$15*0.0025)*$P$13)*(1-P2-P3) -> 115.47983 | I45: =IF($J$3="Flametongue",(H45/C45)+(H45/C46)+(H45/C49)+IF(F23,((H45/C45)+(H45/C46)+(H45/C49))*K67,0)) -> FALSE | J45: =I45*(IF($J$3="Rockbiter",1+U3,1)+IF(AND($J$3="Rockbiter",$F$11),U3*U4,0))*IF($J$6,0.7,1)*IF($J$7,0.8,1)*IF($F$17,1.02,1)*IF($F$18,0.98,1)*(1-U7)*(1+U5) -> 0 | K45: =I45/$B$23 -> 0
A46: Lstrike Physical | B46: 1.5 | C46: =IF($F$10,8.5,9) -> 9 | E46: =14/F4 -> 3.8888889 | F46: =F43*0.6*(1+U8) -> 551.80026 | G46: =G43*0.6*(1+U8) -> 639.96479 | H46: =(AVERAGE(F46,G46)*($P$10+$U$8)*(2*(1+$D$17*0.25))+(AVERAGE(F46,G46)*(1-$P$2-$P$3-$P$4-($P$10+U8)))+((AVERAGE(F46,G46)-$P$6)*$P$4)) -> 948.22786 | I46: =H46/C46 -> 105.35865 | J46: =I46*(IF($J$3="Rockbiter",1+U3,1)+IF(AND($J$3="Rockbiter",$F$11),U3*U4,0))*IF($J$6,0.75,1)*IF($J$7,0.8,1)*IF($F$17,1.02,1)*IF($F$18,0.98,1)*(1-U7)*(1+U5) -> 59.272143 | K46: =I46/$B$23 -> 0.067176067 | L46: =IF($J$2="Lightning",(182*(1-J26*0.2)),(182*(1-J26*0.2))-(150+($N$3/10)))-($P$17*0.6*182) -> 76.326116 | M46: =L46/C46 -> 8.4806796
A47: Lstrike Nature | B47: 1.5 | C47: =IF($F$10,8.5,9) -> 9 | D47: 0.05 | E47: =14/F4 -> 3.8888889 | F47: =(($F$2+($N$3/E43))*(0.2)+($D$47*$N$15))*(1+U8)*IF($H$20,1+(0.1*H67),1)*(1+(D17*0.05))*IF(J23,1+U9,1) -> 217.89232 | G47: =(($F$3+($N$3/E43))*(0.2)+($D$47*$N$15))*(1+U8)*IF($H$20,1+(0.1*H67),1)*(1+(D17*0.05))*IF(J23,1+U9,1) -> 251.99232 | H47: =(AVERAGE(F47,G47)*($P$10+$U$8)*(1.5+($D$17*0.25))+(AVERAGE(F47,G47)*(1-$P$2-$P$3-$P$4-($P$10+U8)))+((AVERAGE(F47,G47)-$P$6)*$P$4))*IF(J23,1+U9,1) -> 372.72131 | I47: =H47/C47 -> 41.413479 | J47: =I47*(IF($J$3="Rockbiter",1+U3,1)+IF(AND($J$3="Rockbiter",$F$11),U3*U4,0))*IF($J$6,0.75,1)*IF($J$7,0.8,1)*IF($F$17,1.02,1)*IF($F$18,0.98,1)*(1-U7)*(1+U5) -> 23.298188 | K47: =I47/$B$23 -> 0.026404995
A48: Empowered LS | B48: 1.5 | C48: =IF($F$10,8.5,9) -> 9 | D48: 0.265 | E48: 0.25 | F48: =IF($J$2="Lightning",(198+(D48*N15)+(E48*$N$3))*IF($J$23,1+U9,1)*IF($F$12,1.15,1)*(1+(D17*0.05))*(1+(D9*0.01))*IF($H$20,1+(0.1*H67),1)*IF(J26,1.15,1),0) -> 1108.5982 | G48: =IF($J$2="Lightning",(198+(D48*N15)+(E48*$N$3))*IF($J$23,1+U9,1)*IF($F$12,1.15,1)*(1+(D17*0.05))*(1+(D9*0.01))*IF($H$20,1+(0.1*H67),1)*IF(J26,1.15,1),0) -> 1108.5982 | H48: =G48*((1-$P$14*0.0025)*$P$13)*(1-P2-P3) -> 986.85195 | I48: =IF(F15,((H48/C48)+(H48/C43)*0.15+(H48/C46)*0.15+(H48/C49)*0.15+IF(J3="Windfury",H48/C44,0)*0.15)*(1-P2),(H48/C48)*(1-P2)) -> 103.83876 | J48: =IF($J$2="Lightning",I48*(IF($J$3="Rockbiter",1+U3,1)+IF(AND($J$3="Rockbiter",$F$11),U3*U4,0))*IF($J$6,0.75,1)*IF($J$7,0.8,1)*IF($F$17,1.02,1)*IF($F$18,0.98,1)*(1+U5),((150+($N$3/10))/2)*(IF($J$3="Rockbiter",1+U3,1)+IF(AND($J$3="Rockbiter",$F$11),U3*U4,0))*IF($J$6,0.7,1)*IF($J$7,0.8,1)*IF($F$17,1.02,1)*IF($F$18,0.98,1)*(1+U5)) -> 77.879066 | K48: =I48/$B$23 -> 0.06620699 | L48: =IF($J$2="Lightning",(182*(1-J26*0.2)),(182*(1-J26*0.2))-(150+($N$3/10)))-($P$17*0.6*182) -> 76.326116 | M48: =L48/C48 -> 8.4806796
A49: Stormstrike | B49: 1.5 | C49: =IF($F$10,7.5,8) -> 8 | E49: =14/F4 -> 3.8888889 | F49: =$F$43*1.01*(1+U8) -> 928.86377 | G49: =$G$43*1.01*(1+U8) -> 1077.2741 | H49: =(AVERAGE(F49,G49)*($P$10+$U$8)*2)+(AVERAGE(F49,G49)*(1-$P$2-$P$3-$P$4-($P$10+U8)))+((AVERAGE(F49,G49)-$P$6)*$P$4) -> 1596.1836 | I49: =H49/C49 -> 199.52295 | J49: =I49*(IF($J$3="Rockbiter",1+U3,1)+IF(AND($J$3="Rockbiter",$F$11),U3*U4,0))*IF($J$6,0.75,1)*IF($J$7,0.8,1)*IF($F$17,1.02,1)*IF($F$18,0.98,1)*(1-U7)*(1+U5) -> 112.24662 | K49: =I49/$B$23 -> 0.12721468 | L49: =(152*(1-J26*0.2))-($P$17*0.6*152) -> 63.744888 | M49: =L49/C49 -> 7.968111
A50: Earth Shock | B50: 1.5 | C50: =6-($D$13*(1/3)) -> 5 | D50: 0.386 | E50: 0.1 | F50: =(492+(E50*$N$3)+(D50*$N$15)+IF(F7,30,0))*(1+(D17*0.05))*(1+(D9*0.01))*IF($J$23,1+U9,1)*IF(F14,1.1,1)*IF(J26,1.15,1)*IF($H$20,1+(0.1*H67),1) -> 1046.4156 | G50: =(520+(E50*$N$3)+(D50*$N$15)+IF(F7,30,0))*(1+(D17*0.05))*(1+(D9*0.01))*IF($J$23,1+U9,1)*IF(F14,1.1,1)*IF(J26,1.15,1)*IF($H$20,1+(0.1*H67),1) -> 1086.8406 | H50: =(AVERAGE(F50,G50))*(($N$17+$U$8+IF($F$14,0.05,0))*(1.5+($D$17*0.25)))+(AVERAGE(F50,G50))*((MIN(IF($H$3=63,0.83+$N$18,0.96+$N$18-(($H$3-60)*0.01)),0.99))-($N$17+$U$8+IF($F$14,0.05,0)))*((1-$P$14*0.0025)*$P$13) -> 1099.9286 | I50: =H50*2/15 -> 146.65715 | J50: =I50*(IF($J$3="Rockbiter",1+U3,1)+IF(AND($J$3="Rockbiter",$F$11),U3*U4,0))*IF($J$6,0.75,1)*IF($J$7,0.8,1)*IF($F$17,1.02,1)*IF($F$18,0.98,1)*1.5*(1+U5) -> 164.98929 | K50: =I50/$B$23 -> 0.093507752 | L50: =(450*(1-($D$10*0.02))*(1-J26*0.2))-($P$17*0.6*450) -> 188.71842 | M50: =L50/C50 -> 37.743684
A51: Flame Shock Initial | B51: 1.5 | C51: =6-($D$13*(1/3)) -> 5 | D51: 0.214 | E51: 0.085 | F51: =(293+(E51*$N$3)+(D51*$N$16)+IF($F$7,30,0))*(1+D9*0.01)*IF(J3="Flametongue",1+(D12*0.1),1)*(1+($D$14*0.05))*(1+($D$17*0.05))*IF($H$18,1.1,1)*IF($H$19,1.15,1)*IF($H$20,1+(0.1*H67),1)*IF(F14,1.1,1)*IF(J26,1.15,1) -> 758.08388 | G51: =(293+(E51*$N$3)+(D51*$N$16)+IF($F$7,30,0))*(1+D9*0.01)*IF(J3="Flametongue",1+(D12*0.1),1)*(1+($D$14*0.05))*(1+($D$17*0.05))*IF($H$18,1.1,1)*IF($H$19,1.15,1)*IF($H$20,1+(0.1*H67),1)*IF(F14,1.1,1)*IF(J26,1.15,1) -> 758.08388 | H51: =(AVERAGE(F51,G51))*(($N$17+$U$8+IF($F$14,0.05,0))*(1.5+($D$17*0.25)))+(AVERAGE(F51,G51))*((MIN(IF($H$3=63,0.83+$N$18,0.96+$N$18-(($H$3-60)*0.01)),0.99))-($N$17+$U$8+IF($F$14,0.05,0)))*((1-$P$15*0.0025)*$P$13) -> 639.18836 | I51: =H51/15 -> 42.612557 | J51: =I51*(IF($J$3="Rockbiter",1+U3,1)+IF(AND($J$3="Rockbiter",$F$11),U3*U4,0))*IF($J$6,0.75,1)*IF($J$7,0.8,1)*IF($F$17,1.02,1)*IF($F$18,0.98,1)*(1+U5) -> 31.959418 | K51: =I51/$B$23 -> 0.02716952 | L51: =(410*(1-($D$10*0.02))*(1-J26*0.2)-($P$17*0.6*450)) -> 148.71842 | M51: =L51/C51 -> 29.743684
A52: Flame Shock DoT | B52: 1.5 | C52: 1.5 | D52: 0.1 | E52: 0.015 | F52: =(82+(E52*$N$3)+(D52*$N$16)+IF($F$7,30,0))*(1+D9*0.01)*IF(J3="Flametongue",1+(D12*0.1),1)*(1+($D$14*0.05))*(1+($D$17*0.05))*IF($H$18,1.1,1)*IF($H$19,1.15,1)*IF($H$20,1+(0.1*H67),1)*IF(J26,1.15,1) -> 166.78902 | G52: =(82+(E52*$N$3)+(D52*$N$16)+IF($F$7,30,0))*(1+D9*0.01)*IF(J3="Flametongue",1+(D12*0.1),1)*(1+($D$14*0.05))*(1+($D$17*0.05))*IF($H$18,1.1,1)*IF($H$19,1.15,1)*IF($H$20,1+(0.1*H67),1)*IF(J26,1.15,1) -> 166.78902 | H52: =(AVERAGE(F52,G52))*MIN(IF($H$3=63,0.83+$N$18,0.96+$N$18-(($H$3-60)*0.01)),0.99)*((1-$P$15*0.0025)*$P$13)*5 -> 545.07633 | I52: =H52/15 -> 36.338422 | J52: =I52*(IF($J$3="Rockbiter",1+U3,1)+IF(AND($J$3="Rockbiter",$F$11),U3*U4,0))*IF($J$6,0.75,1)*IF($J$7,0.8,1)*IF($F$17,1.02,1)*IF($F$18,0.98,1)*(1+U5) -> 27.253817 | K52: =I52/$B$23 -> 0.023169168
A53: Lightning Shield | B53: 3.5 | C53: =$H$7 -> 4 | D53: 0.267 | F53: =(198+($N$15*$D$53))*(1+(D17*0.05))*(1+(D9*0.01))*IF(J26,1.15,1)*IF($H$20,1+(0.1*H67),1)*IF(J23,1+U9,1) -> 282.65344 | G53: =(198+($N$15*$D$53))*(1+(D17*0.05))*(1+(D9*0.01))*IF(J26,1.15,1)*IF($H$20,1+(0.1*H67),1)*IF(J23,1+U9,1) -> 282.65344 | H53: =F53*((1-$P$14*0.0025)*$P$13) -> 265.69423 | I53: =IF(H6,H53/H7,0) -> 66.423558 | J53: =I53*(IF($J$3="Rockbiter",1+U3,1)+IF(AND($J$3="Rockbiter",$F$11),U3*U4,0))*IF($J$6,0.75,1)*IF($J$7,0.8,1)*IF($F$17,1.02,1)*IF($F$18,0.98,1)*(1+U5) -> 49.817668 | K53: =IF(H6,I53/$B$23,0) -> 0.042351277 | L53: =370 -> 370 | M53: =L53/(9*H7) -> 10.277778
A54: Water Shield | B54: 3.5 | C54: =$H$7 -> 4 | F54: N/A | G54: N/A | H54: N/A | I54: N/A | J54: =65/H7 -> 16.25 | K54: N/A | L54: -130 | M54: =-130/H7 -> -32.5
A55: Searing | B55: 2.2 | C55: =2.2*(1-D16*0.1)+0.1 -> 2.3 | D55: 0.167 | F55: =(40+(D55*$N$16))*(1+($D$14*0.05))*(1+(IF(J3="Flametongue",($D$12*0.1),0)))*(1+($D$17*0.05))*(1+($D$9*0.01))*IF($H$18,1.1,1)*IF($H$19,1.15,1)*IF($H$20,1+(0.1*H67),1) -> 60.882995 | G55: =(54+(D55*$N$16))*(1+($D$14*0.05))*(1+(IF(J3="Flametongue",($D$12*0.1),0)))*(1+($D$17*0.05))*(1+($D$9*0.01))*IF($H$18,1.1,1)*IF($H$19,1.15,1)*IF($H$20,1+(0.1*H67),1) -> 81.338045 | H55: =(AVERAGE(F55,G55))*(($N$17+$U$8)*(1.5+($D$17*0.25)))+(AVERAGE(F55,G55))*((MIN(IF($H$3=63,0.83+$N$18,0.96+$N$18-(($H$3-60)*0.01)),0.99))-($N$17+$U$8))*((1-$P$15*0.0025)*$P$13) -> 57.047569 | I55: =IF(J4="Searing",H55/C55,0)+IF(J4="Nova+Searing",((H55*(ROUNDDOWN((15-(4-D16))/C55,0)))/15),0) -> 0 | J55: =(H55/C55)*(IF($J$3="Rockbiter",1+U3,1)+IF(AND($J$3="Rockbiter",$F$11),U3*U4,0))*IF($J$6,0.7,1)*IF($J$7,0.8,1)*IF($F$17,1.02,1)*IF($F$18,0.98,1)*(0+U2)*(1+U5) -> 0 | K55: =IF(J4="Searing",I55/$B$23,0)+IF(J4="Nova+Searing",I55/B23,0) -> 0 | L55: 170 | M55: =L55/55 -> 3.0909091
A56: Magma | B56: 2 | C56: 2 | D56: 0.0333 | F56: =(75+(D56*$N$16))*(1+($D$14*0.05))*(1+(IF(J3="Flametongue",($D$12*0.1),0)))*(1+($D$17*0.05))*(1+($D$9*0.01))*IF($H$18,1.1,1)*IF($H$19,1.15,1)*IF($H$20,1+(0.1*H67),1) -> 110.06716 | G56: =(75+(D56*$N$16))*(1+($D$14*0.05))*(1+(IF(J3="Flametongue",($D$12*0.1),0)))*(1+($D$17*0.05))*(1+($D$9*0.01))*IF($H$18,1.1,1)*IF($H$19,1.15,1)*IF($H$20,1+(0.1*H67),1) -> 110.06716 | H56: =(AVERAGE(F56,G56))*(($N$17+$U$8)*(1.5+($D$17*0.25)))+(AVERAGE(F56,G56))*((MIN(IF($H$3=63,0.83+$N$18,0.96+$N$18-(($H$3-60)*0.01)),0.99))-($N$17+$U$8))*((1-$P$15*0.0025)*$P$13) -> 88.300072 | I56: =IF(J4="Magma",(H56/C56)*H4,0)+IF(J4="Nova+Magma",((H56*(ROUNDDOWN((15-(4-D16))/C56,0)))/15)*H4,0) -> 0 | J56: =(H56/C56)*(IF($J$3="Rockbiter",1+U3,1)+IF(AND($J$3="Rockbiter",$F$11),U3*U4,0))*IF($J$6,0.7,1)*IF($J$7,0.8,1)*IF($F$17,1.02,1)*IF($F$18,0.98,1)*(0+U2)*(1+U5)*(1-D16*0.25) -> 0 | K56: =IF(J4="Magma",I56/$B$23,0)+IF(J4="Nova+Magma",I56/B23,0) -> 0 | L56: 650 | M56: =L56/20 -> 32.5
A57: Nova | B57: 4 | C57: =15 -> 15 | D57: 0.143 | F57: =(413+(D57*$N$16))*(1+($D$14*0.05))*(1+(IF(J3="Flametongue",($D$12*0.1),0)))*(1+($D$17*0.05))*(1+($D$9*0.01))*IF($H$18,1.1,1)*IF($H$19,1.15,1)*IF($H$20,1+(0.1*H67),1) -> 605.51331 | G57: =(459+(D57*$N$16))*(1+($D$14*0.05))*(1+(IF(J3="Flametongue",($D$12*0.1),0)))*(1+($D$17*0.05))*(1+($D$9*0.01))*IF($H$18,1.1,1)*IF($H$19,1.15,1)*IF($H$20,1+(0.1*H67),1) -> 672.72276 | H57: =(AVERAGE(F57,G57))*(($N$17+$U$8)*(1.5+($D$17*0.25)))+(AVERAGE(F57,G57))*((MIN(IF($H$3=63,0.83+$N$18,0.96+$N$18-(($H$3-60)*0.01)),0.99))-($N$17+$U$8))*((1-$P$15*0.0025)*$P$13) -> 512.72484 | I57: =IF(J4="Nova",(H57/C57)*H4,0)+IF(J4="Nova+Magma",(H57/C57)*H4,0)+IF(J4="Nova+Searing",(H57/C57)*H4,0) -> 0 | J57: =(H57/C57)*(IF($J$3="Rockbiter",1+U3,1)+IF(AND($J$3="Rockbiter",$F$11),U3*U4,0))*IF($J$6,0.7,1)*IF($J$7,0.8,1)*IF($F$17,1.02,1)*IF($F$18,0.98,1)*(0+U2)*(1+U5) -> 0 | K57: =I57/$B$23 -> 0 | L57: 525 | M57: =L57/15 -> 35
A58: Stoneclaw | B58: 2 | C58: 1.5 | F58: 0 | G58: 0 | H58: 0 | J58: =((150/C58)*(IF($J$3="Rockbiter",1+U3,1)+IF(AND($J$3="Rockbiter",$F$11),U3*U4,0))*IF($J$6,0.7,1)*IF($J$7,0.8,1)*IF($F$17,1.02,1)*IF($F$18,0.98,1)*(0+U2)*(1+U5)*MIN(IF($H$3=63,0.83+$N$18,0.96+$N$18-(($H$3-60)*0.01)),0.99))*H4 -> 0 | K58: =I58/$B$23 -> 0 | L58: 140
A59: Procs | D59: ` | I59: =IF(F22,C67,0)+IF(F21,C66,0)+IF(F23,C68,0)+IF(F9,C69,0)+IF(F24,C70,0) -> 0 | J59: =I59*(IF($J$3="Rockbiter",1+U3,1)+IF(AND($J$3="Rockbiter",$F$11),U3*U4,0))*IF($J$6,0.75,1)*IF($J$7,0.8,1)*IF($F$17,1.02,1)*IF($F$18,0.98,1)*(1+U5) -> 0 | K59: =I59/$B$23 -> 0
A60: Rotation | B60: Mana Threat | C60: Calming Winds Avg | D60: ES Avg | E60: Other Avg | F60: Fire Totem Avg | G60: Avg Total | H60: DPS | I60: TPS | J60: Mana | K60: MPS | L60: Out Of Mana (sec)
A61: 1 FS / 2 ES | C61: =(($H$43/$C$43))+IF($J$3="Flametongue",(H45/C45)+(H45/C46)+(H45/C49)+IF(F23,((H45/C45)+(H45/C46)+(H45/C49))*K67,0),0)+(IF($J$3="Windfury",$H$44*$P$19*2/60,0)+(($H$46+$H$47)/$C$46)+($H$49/$C$49)) -> 1172.5252 | D61: =$H$50*2/15 -> 146.65715 | E61: =IF($H$6,IF($J$2="Lightning",$H$53/$H$7,0),0)+IF(J2="Lightning",I48,0)+(($H$51+$H$52)/15)+IF(F21,C66,0)+IF(F22,C67,0)+IF(F9,IF(H6,C69,0),0)+IF(F23,C68,0)+IF(F24,C70,0) -> 249.21329 | F61: =IF(J4="Magma",I56,0)+IF($J$4="Searing",I55,0)+IF($J$4="Nova",I57,0)+B76+B77 -> 0 | G61: =SUM(C61,D61,E61,F61) -> 1568.3956 | H61: =((($H$51+$H$52)+($H$50*2))/15)+($H$43/$C$43)+IF($J$3="Flametongue",($H$45/$C$45)+($H$45/(60/(60/$C$46+$C$49))),0)+(IF($J$3="Windfury",$H$44*$P$19*2/60,0)+(($H$46+$H$47+$H$48)/$C$46)+($H$49/$C$49)+(IF($J$4="Searing",$H$55/$C$55,0)+(IF($J$4="Magma",$H$56/$C$56,0))))+IF($H$6,IF($J$2="Lightning",$H$53/$H$7,0),0)+IF($F$21,$C$66,0)+IF($F$22,$C$67,0)+IF($F$23,$C$68,0)+IF(J4="Nova",H57/C57,0)+B76+B77+IF(H6,IF(F9,C69,0),0) -> 1574.2071 | I61: =((C61*(1-$U$7))+(D61*1.5)+E61+(F61*($D$4*0.45)))*((IF($J$3="Rockbiter",1+$U$3,1)+IF(AND($J$3="Rockbiter",$F$11),$U$3*$U$4,0))*(1+$U$5)*IF($J$6,0.75,1)*IF($J$7,0.8,1)*IF($F$17,1.02,1)*IF($F$18,0.98,1))+IF(J5,J58,0) -> 1011.5326
A62: ES only | C62: =(($H$43/$C$43))+IF($J$3="Flametongue",(H45/C45)+(H45/C46)+(H45/C49)+IF(F23,((H45/C45)+(H45/C46)+(H45/C49))*K67,0),0)+(IF($J$3="Windfury",$H$44*$P$19*2/60,0)+(($H$46+$H$47)/$C$46)+($H$49/$C$49)) -> 1172.5252 | D62: =$H$50/5 -> 219.98573 | E62: =IF($H$6,IF($J$2="Lightning",$H$53/$H$7,0),0)+IF(J2="Lightning",I48,0)+IF(F21,C66,0)+IF(F22,C67,0)+IF(F9,IF(H6,C69,0),0)+IF(F24,C70,0) -> 170.26231 | F62: =IF(J4="Magma",I56,0)+IF($J$4="Searing",I55,0)+IF($J$4="Nova",I57,0)+B76+B77 -> 0 | G62: =C62+D62+E62+F62 -> 1562.7732 | H62: =($H$50/5)+($H$43/$C$43)+IF($J$3="Flametongue",($H$45/$C$45)+($H$45/(60/(60/$C$46+$C$49))),0)+(IF($J$3="Windfury",$H$44*$P$19*2/60,0)+(($H$46+$H$47+$H$48)/$C$46)+($H$49/$C$49)+(IF($J$4="Searing",$H$55/$C$55,0)+(IF($J$4="Magma",$H$56/$C$56,0))))+IF($H$6,IF($J$2="Lightning",$H$53/$H$7,0),0)+IF($F$21,$C$66,0)+IF($F$22,$C$67,0)+IF($F$23,$C$68,0)+IF(J4="Nova",H57/C57,0)+B76+B77+IF(H6,IF(F9,C69,0),0) -> 1568.5847 | I62: =((C62*(1-$U$7))+(D62*1.5)+E62+(F62*($D$4*0.45)))*((IF($J$3="Rockbiter",1+$U$3,1)+IF(AND($J$3="Rockbiter",$F$11),$U$3*$U$4,0))*(1+$U$5)*IF($J$6,0.75,1)*IF($J$7,0.8,1)*IF($F$17,1.02,1)*IF($F$18,0.98,1))+IF(J5,J58,0) -> 1034.814
A65: Procs | B65: Avg dmg | C65: Dps
A66: Sulfuras proc: | B66: =(((273+333)/2)+75)*(IF(J3="Flametongue",1+(D12*0.1),1)*(1+(D17*0.05)))*IF(H18,1.1,1)*IF(H19,1.15,1)*IF(H20,1.1,1)*(1+(N17/2))*(0.82+N18)*P13 -> 443.99294 | C66: =(B66*((((60/C43)+(60/C46)+(60/C49)+IF(J3="Windfury",60/C44,0))*1-$P$2)*0.185))/60 -> 69.367279 | E66: Crusader proc chance | G66: Nightfall proc chance | H66: 0.116 | J66: Fist proc chance: | K66: =1.2/(60/3.6) -> 0.072
A67: Neretzek proc: | B67: =((141+163)/2)+(N15-55)*IF(H18,1.1,1)*IF(H19,1.15*1.2,1)*IF(H20,1.1,1)*(1+((N17)/2))*(0.82+N18)*P13 -> 166.09501 | C67: =(B67*((((60/C43)+(60/C46)+(60/C49)+IF(J3="Windfury",60/C44,0))*(1-P2))*0.08633)/60) -> 11.479665 | E67: =1/(60/F4) -> 0.06 | G67: Nightfall uptime | H67: =1-EXP(-((H66*(1-SUM(P2:P3))/C43)+IF(J3="Windfury",(H66*(1-SUM(P2:P3))/C44),0)+(H66*(1-SUM(P2:P3))/C46)+(H66*(1-SUM(P2:P3))/C49))*7) -> 0.47799605 | J67: DTC proc chance: | K67: =1.2/(60/3.4) -> 0.068
A68: DTC proc: | B68: =250*(1-P12)*(1+P10)*IF(H13,1.04,1) -> 378.10052 | C68: =((B68/C43)*K67+(B68/C46)*K67+(B68/C49)*K67+IF(J3="Windfury",(B68/C44)*K67,0))*(1-SUM(P2:P3)) -> 20.583871
A69: Totem of Tides: | B69: =((25+33)/2)*(1+(D9*0.01))*IF(H18,1.1,1)*IF(H20,1.1,1)*(1+($N$17/2))*(0.83+$N$18)*$P$13*(H4) -> 31.428651 | C69: =IF(AND(H6,J2="Water"),B69/2,0) -> 0
A70: Forgotten order proc: | B70: =(((175+250)/2)+((N15-55)*0.25))*(1-SUM(P2:P3))*(P13)*(1+(N17/2))*(0.83+N18) -> 191.04435 | C70: =((B70/C43)*K66+(B70/C46)*K66+(B70/C49)*K66+IF(J3="Windfury",(B70/C44)*K66,0))*(1-SUM(P2:P3)) -> 11.012288
A71: Ft per min | B71: Ls nature hit | C71: Lshield hits | D71: Shocks | E71: Neretzek? | F71: Spellstrike | G71: Total Spell Hits | H71: w/ spellstrike
A72: =(60/C45)+(60/C46)+(60/C49)*(0.83+$N$18) -> 36.481483 | C72: =60/C46 -> 6.6666667 | D72: =60/5 -> 12 | E72: =IF($F$22,$A$72*0.08,0) -> 0 | F72: =$A$72*($F$26*1) -> 0 | G72: =SUM(A72:E72)*(0.83+$N$18) -> 52.891387 | H72: =SUM(A72:F72)*(0.83+$N$18) -> 52.891387
A75: Totem weave | B75: Dps
A76: Nova+Searing | B76: =IF(J4="Nova+Searing",((H57/15)+((H55*(ROUNDDOWN((15-(4-D16))/C55,0)))/15))*H4,0) -> 0
A77: Nova+Magma | B77: =IF(J4="Nova+Magma",((H57/15)+((H56*(ROUNDDOWN((15-(4-D16))/C56,0)))/15))*H4,0) -> 0
A80: Totem of Tides
B81: 25-33 base damage
B82: 2s icd
A92: T3.5 3pc | B92: Melee attacks, ss, ls, 15% chance to proc EMPOWERED ls
B93: If its empowered: | C93: =IF(F15,((H48/C48)+(H48/C43)*0.15+(H48/C46)*0.15+(H48/C49)*0.15)*(1-P2),(H48/C48)*(1-P2)) -> 103.83876
B94: If its normal: | C94: =IF(H6,H53/H7,0)+IF(AND(J2="Lightning",F15),((H53/C43)*0.15+(H53/C46)*0.15+(H53/C49)*0.15)*(1-P2),0) -> 66.423558
A97: T3.5 5pc | B97: 5% str, 10% haste, 10% chance on autos/wf hits

Sheet PhysCritWeight3
A1: Character Stats (In Gear) | C1: Talents | E1: Weps/Sets/Relics | G1: Encounter/Target | I1: Buffs | K1: Consumables | M1: Final Attributes | O1: Final Encounter Parameters | T1: Threat coefficients (and other modifiers)
A2: Bonus Strength | B2: ='Main(manual)'!B2 -> 92 | C2: Ancestral Knowledge | D2: ='Main(manual)'!D2 -> 5 | E2: Min Weapon Dam | F2: ='Main(manual)'!F2 -> 259 | G2: Fight Duration (sec) | H2: ='Main(manual)'!H2 -> 60 | I2: Shield | J2: ='Main(manual)'!J2 -> Lightning | K2: # of Major Mana | L2: ='Main(manual)'!L2 -> 1 | M2: Strength | N2: =ROUNDDOWN((IF(B19="Tauren",90,86)+IF(B19="Orc",2,0)+$B$2+IF($L$5,25,0)+IF($L$13,20,0)+IF($L$10,25,0)+IF($J$11,16,0)+ROUNDDOWN(IF($J$12,77*(1+U6),0),0)+IF($L$8,30,0))*IF($J$10,1.1,1)*(($D$2*0.01)+1)*IF(F16,1+(0.05*$R$2),1)+IF(F19,((100*(1+(D2*0.01))*IF(J10,1.1,1))*P24*IF(F16,1+(0.05*$R$2),1)),0)+IF(F24,((50*(1+(D2*0.01))*IF(J10,1.1,1))*R3*IF(F16,1+(0.05*$R$2),1)),0),0) -> 370 | O2: Miss+Dodge% | P2: =10%+((H3-60)*1.5%)-(MIN(B8-300,15)*0.001)-MIN($N$6,((H3-60)*1%)+5%) -> 0.056 | Q2: T3.5 5pc Uptime | R2: =1 - EXP( -( (0.1 * (1 - SUM(P2:P3)) / C43) + IF(AND(J3="Windfury",C44>0),(0.1 * (1 - SUM(P2:P3)) / C44),0) ) * 12 ) -> 0.31630654 | T2: Totemic Alignment | U2: =D4*0.45 -> 0
A3: Melee AP | B3: ='Main(manual)'!B3 -> 0 | C3: Thundering Strikes | D3: ='Main(manual)'!D3 -> 5 | E3: Max Weapon Dam | F3: ='Main(manual)'!F3 -> 389 | G3: Level | H3: ='Main(manual)'!H3 -> 63 | I3: Imbue | J3: ='Main(manual)'!J3 -> Flametongue | K3: # of Tea | L3: ='Main(manual)'!L3 -> 1 | M3: Melee AP | N3: =ROUNDDOWN((100+$B$3+IF($J$15,55,0)+(($N$2*2)+IF($L$7,35,0)+IF($L$9,40,0)+(P20*130)+IF($J$8,290,0)+IF($J$9,222,0)+IF($J$15,30,0)+IF($J$3="Rockbiter",653,0)+IF(AND($J$3="Rockbiter",$F$11),653*U4,0)+IF($J$25,(120*(15/MAX(H2,15))))+IF($J$28,(260*(20/MAX(H2,20))))+IF($J$29,(200*(20/MAX(H2,20))))))*IF($J$15,1.05,1),0) -> 1462 | O3: Parry% | P3: =IF($H$3=63,14%,5%+(($H$3-60)*0.75%))*IF($H$5,0,1) -> 0 | Q3: ForgottenOrder | R3: =1-EXP(-((K67*(1-SUM(P2:P3))/C43)+IF(J3="Windfury",(K67*(1-SUM(P2:P3))/C44),0)+(K67*(1-SUM(P2:P3))/C46)+(K67*(1-SUM(P2:P3))/C49))*15) -> 0.42337056 | T3: Rockbiter | U3: 0.35
A4: Bonus Agility | B4: ='Main(manual)'!B4 -> 77 | C4: Totemic Alignment | D4: ='Main(manual)'!D4 -> 0 | E4: Weapon Speed | F4: ='Main(manual)'!F4 -> 3.6 | G4: No. of Targets | H4: ='Main(manual)'!H4 -> 1 | I4: Fire Totem | J4: ='Main(manual)'!J4 -> Nova+Searing | K4: # of Rune | L4: ='Main(manual)'!L4 -> 0 | M4: Agility | N4: =ROUNDDOWN(($B$4+IF(B19="Tauren",50,52)+IF(B19="Troll",5,0)+IF($J$11,16,0)+IF($L$6,25,0)+IF($L$11,25,0)+ROUNDDOWN(IF($J$13,77*(1+U6),0),0))*IF($J$10,1.1,1)*(($D$2*0.01)+1),0) -> 291 | O4: Block% | P4: =IF($H$5,0,5%) -> 0 | T4: T2.5 Rockbiter buff | U4: 0.25
A5: Phys Crit | B5: ='Main(manual)'!B5+0.01 -> 0.05 | C5: Calming Winds | D5: ='Main(manual)'!D5 -> 0 | E5: Stonebreaker Totem | F5: ='Main(manual)'!F5 -> TRUE | G5: Attacking Behind | H5: ='Main(manual)'!H5 -> TRUE | I5: Stoneclaw totem | J5: ='Main(manual)'!J5 -> FALSE | K5: Elixir of Giants | L5: ='Main(manual)'!L5 -> TRUE | M5: Phys Crit | N5: =$N$4/2000+($D$3/100)+IF($L$6,0.02,0)+IF(J14,0.03,0)+B5+0.017+(0.0004*($B$8-300)) -> 0.3177 | O5: Glancing Chance | P5: =10%+(10%*($H$3-60)) -> 0.4 | T5: Spirit Armor | U5: =0.05*D18*F20 -> 0
A6: Phys Hit | B6: ='Main(manual)'!B6 -> 0.02 | C6: Flurry | D6: ='Main(manual)'!D6 -> 5 | E6: Crackling Totem | F6: ='Main(manual)'!F6 -> TRUE | G6: Being Attacked | H6: ='Main(manual)'!H6 -> FALSE | I6: Salvation | J6: ='Main(manual)'!J6 -> TRUE | K6: Mongoose | L6: ='Main(manual)'!L6 -> TRUE | M6: Phys Hit | N6: =$B$6+($D$11/100)+(B8-300)*0.002 -> 0.076 | O6: Block Value | P6: 38 | T6: Enhancing Totems | U6: =0.125*D7 -> 0
A7: Haste | B7: ='Main(manual)'!B7 -> 0.03 | C7: Enhancing Totems | D7: ='Main(manual)'!D7 -> 0 | E7: Totem of Rage | F7: ='Main(manual)'!F7 -> TRUE | G7: Shield Proc Interval | H7: ='Main(manual)'!H7 -> 4 | I7: Tranquil Air | J7: ='Main(manual)'!J7 -> FALSE | K7: Firewater | L7: ='Main(manual)'!L7 -> TRUE | M7: Haste | N7: =(1+B7)*IF(F16,1+(0.1*R2),1)*IF($L$12,1.02,1)*IF($J$17,MIN(1+(0.2*(30/H2)),1.2),1)*(1+((IF(D6>=1,0.05,0)+($D$6*0.03))*P18))*(1+(0.08*$P$21))*IF($J$24,1+(0.1*(10/H2)),1)*IF($J$27,MIN(1+(0.2*(15/H2)),1.2),1)-1 -> 0.20840768 | O7: Glancing Damage | P7: =MIN(65%+((B8-300)*2%),95% ) -> 0.91 | T7: Calming Winds | U7: =0.0833*D5*NOT(F20) -> 0
A8: Weapon Skill | B8: ='Main(manual)'!B8 -> 313 | C8: Element's Grace | D8: ='Main(manual)'!D8 -> 4 | E8: Broken Earth totem | F8: ='Main(manual)'!F8 -> FALSE | G8: Armour | H8: ='Main(manual)'!H8 -> 4211 | I8: Battle Shout | J8: ='Main(manual)'!J8 -> TRUE | K8: Juju Power | L8: ='Main(manual)'!L8 -> FALSE | M8: Intellect | N8: =ROUNDDOWN(($B$10+IF(B19="Tauren",85,86)+IF(B19="Troll",1,0)+IF($J$18,31,0)+IF($J$11,16,0))*IF($J$10,1.1,1)*(1+($D$2*0.01)),0) -> 336 | O8: Hit% | P8: =100%-SUM(P2:P5)-MIN(P9,N5-((H3-60)*0.01)) -> 0.2563 | T8: Element's Grace | U8: =0.02*D8 -> 0.08
A9: Armor Pen | B9: ='Main(manual)'!B9 -> 500 | C9: Concussion | D9: ='Main(manual)'!D9 -> 5 | E9: Totem of Tides | F9: ='Main(manual)'!F9 -> FALSE | G9: Sunder Armour | H9: ='Main(manual)'!H9 -> TRUE | I9: Might | J9: ='Main(manual)'!J9 -> TRUE | K9: Juju Might | L9: ='Main(manual)'!L9 -> FALSE | M9: MP5 | N9: =$B$11+IF($L$15,12,0) -> 12 | O9: Crit Cap | P9: =100%-SUM(P2:P5) -> 0.544 | T9: Stormstrike | U9: =J23*0.25 -> 0.25
A10: Bonus Intellect | B10: ='Main(manual)'!B10 -> 157 | C10: Convection | D10: ='Main(manual)'!D10 -> 2 | E10: T2 3pc | F10: ='Main(manual)'!F11 -> FALSE | G10: Curse of Reck | H10: ='Main(manual)'!H10 -> TRUE | I10: Kings | J10: ='Main(manual)'!J10 -> TRUE | K10: R.O.I.D.S | L10: ='Main(manual)'!L10 -> TRUE | M10: Spirit | N10: =ROUNDDOWN(($B$12+IF($B$19="Tauren",102,101)+IF($B$19="Orc",1,0)+IF($L$14,50,0)+IF($J$19,40,0)+IF($J$11,16,0))*IF($J$10,1.1,1)*(1+($D$2*0.01)),0) -> 244 | O10: Crit% Post Suppression | P10: =N5-((H3-60)*0.01) -> 0.2877
A11: MP5 | B11: ='Main(manual)'!B11 -> 0 | C11: Ele Devastation | D11: ='Main(manual)'!D11 -> 3 | E11: T2.5 5pc | F11: ='Main(manual)'!F12 -> FALSE | G11: Faerie Fire | H11: ='Main(manual)'!H11 -> TRUE | I11: MotW | J11: ='Main(manual)'!J11 -> TRUE | K11: Scorpok Assay | L11: ='Main(manual)'!L11 -> FALSE | M11: Meditation | N11: =$B$13+IF($J$20,0.05,0) -> 0.05 | O11: Effective Armour | P11: =H8-B9-IF(H9,2250,0)-IF(H12,2550,0)+IF(AND(H9,H12),2250,0)-IF(H10,640,0)-IF(H11,505,0) -> 16
A12: Bonus Spirit | B12: ='Main(manual)'!B12 -> 5 | C12: Elemental Weapons | D12: ='Main(manual)'!D12 -> 3 | E12: T3 2pc | F12: ='Main(manual)'!F13 -> TRUE | G12: Improved EA | H12: ='Main(manual)'!H12 -> TRUE | I12: Strength of Earth | J12: ='Main(manual)'!J12 -> TRUE | K12: Tel'Abim Medley | L12: ='Main(manual)'!L12 -> FALSE | M12: Mana Per 2 (5SR) | N12: =(17+(($N$10/5)*$N$11)+($N$9/2.5))+IF($J$22,10,0)+IF($J$21,15.6,0) -> 49.84 | O12: Armour DR | P12: =P11 / (P11 + 400 + 85 * 60) -> 0.0029006526
A13: Meditation | B13: ='Main(manual)'!B13 -> 0 | C13: Reverberation | D13: ='Main(manual)'!D13 -> 3 | E13: T3 4pc | F13: ='Main(manual)'!F14 -> FALSE | G13: Hemorrhage | H13: ='Main(manual)'!H13 -> TRUE | I13: Grace of Air | J13: ='Main(manual)'!J13 -> TRUE | K13: Power Mushroom | L13: ='Main(manual)'!L13 -> FALSE | M13: Raw Mana Pool | N13: =1240+($N$8*15) -> 6280 | O13: NPC Level Resist | P13: =1-(($H$3-60)*0.02) -> 0.94
A14: Spell Pen | B14: ='Main(manual)'!B14 -> 0 | C14: Call of Flame | D14: ='Main(manual)'!D14 -> 3 | E14: T3 6pc | F14: ='Main(manual)'!F15 -> FALSE | G14: Gift of Arthas | H14: ='Main(manual)'!H14 -> FALSE | I14: Leader of Pack | J14: ='Main(manual)'!J14 -> TRUE | K14: Zanza | L14: ='Main(manual)'!L14 -> TRUE | M14: Final Mana Pool | N14: =N13+(L2*2250)+(L3*1350)+(L4*1550)+(H2/2*N12)+((N19*59/60)*H2)+IF(J2="Water",130*(H2/H7),0) -> 14164.416 | O14: Effective NR | P14: =(MAX($H$15-$B$14-IF($H$17,25,0),0)) -> 0
A15: Nature Spellpower | B15: ='Main(manual)'!B15 -> 385 | C15: Elemental Focus | D15: ='Main(manual)'!D15 -> 1 | E15: T3.5 3pc | F15: ='Main(manual)'!F16 -> FALSE | G15: NR | H15: ='Main(manual)'!H15 -> 15 | I15: Trueshot Aura | J15: ='Main(manual)'!J15 -> FALSE | K15: Mageblood | L15: ='Main(manual)'!L15 -> TRUE | M15: Nature Spellpower | N15: =B15+IF(L16,150,0)+IF(L17,35,0)+IF(L18,55,0)+IF(L20,35,0)+IF(L21,15,0)+IF(L22,22,0)+IF(F25,132*P22,0)+IF($J$25,(60*(15/MAX(H2,15)))) -> 739.83244 | O15: Effective FR | P15: =(MAX($H$16-$B$14-IF($H$18,75,0),0)) -> 0
A16: Fire Spellpower | B16: ='Main(manual)'!B16 -> 432 | C16: Improved Fire Totems | D16: ='Main(manual)'!D16 -> 2 | E16: T3.5 5pc | F16: ='Main(manual)'!F17 -> FALSE | G16: FR | H16: ='Main(manual)'!H16 -> 15 | I16: Boomy Aura | J16: ='Main(manual)'!J16 -> FALSE | K16: Supreme Power | L16: ='Main(manual)'!L16 -> TRUE | M16: Fire Spellpower | N16: =B16+IF(L16,150,0)+IF(L17,35,0)+IF(L19,40,0)+IF(L20,35,0)+IF(L21,15,0)+IF(L22,22,0)+IF(F25,132*P22,0)+IF($J$25,(60*(15/MAX(H2,15)))) -> 771.83244 | O16: Ele Dev Uptime | P16: =1 - EXP( -( (P10 * (1 - SUM(P2:P3)) / C43) + IF(J3="Windfury",(P10 * (1 - SUM(P2:P3)) / C44),0) + (MIN(1, P10 + 0.02 * D8) * (1 - SUM(P2:P3)) / C49) + (MIN(1, P10 + 0.02 * D8) * (1 - SUM(P2:P3)) / C46) ) * 10 ) -> 0.82292844
A17: Spell Crit | B17: ='Main(manual)'!B17 -> 0.07 | C17: Elemental Fury | D17: ='Main(manual)'!D17 -> 2 | E17: Threat Gloves | F17: ='Main(manual)'!F18 -> FALSE | G17: Thunderfury | H17: ='Main(manual)'!H17 -> TRUE | I17: Bloodlust | J17: ='Main(manual)'!J17 -> FALSE | K17: Arcane Elixir | L17: ='Main(manual)'!L17 -> TRUE | M17: Spell Crit | N17: =B17+(($N$8)/59.2)%+(IF(L21,2%,0))+3.53%+(IF(J16,3%,0)) -> 0.18205676 | O17: Focus Uptime | P17: =IF(D15,1-(((1-$P$10)^(5/C43))*(1-(1-SUM($P$2,$P$3))*$P$10)^2)*((1-MIN(IF($H$3=63,0.83+$N$18,0.96+$N$18-(($H$3-60)*0.01)),0.99)*($N$17+IF($F$10,0.1,0)+U8+IF($F$12,5%,0)))^2),0) -> 0.85454272
A18: Spell Hit | B18: ='Main(manual)'!B18 -> 0.03 | C18: Spirit Armor | D18: ='Main(manual)'!D18 -> 0 | E18: Subtlety Cloak | F18: ='Main(manual)'!F19 -> TRUE | G18: Curse of Elements | H18: ='Main(manual)'!H18 -> TRUE | I18: Arcane Intellect | J18: ='Main(manual)'!J18 -> TRUE | K18: Nature Power | L18: ='Main(manual)'!L18 -> TRUE | M18: Spell Hit | N18: =$P$16*MIN(B18+(D11*1%)+IF(J20,1%,0)+(D11*0.03),16%)+(1-$P$16)*MIN(B18+(D11*1%)+IF(J20,1%,0),16%) -> 0.14406356 | O18: Flurry Uptime | P18: =LET( miss, SUM($P$2,$P$3), wf_enabled, IF($J$3="Windfury", 1, 0), p_auto_base, $P$10 * (1 - miss), p_spell_base, MIN(1, $P$10 + 0.02 * $D$8) * (1 - miss), p_wf, $P$10 * (1 - miss), wf_chance, 0.2, wf_rolls, 2, p_auto_eff, p_auto_base + wf_enabled * wf_chance * (1 - (1 - p_wf)^wf_rolls) * (1 - p_auto_base), p_spell_eff, p_spell_base + wf_enabled * wf_chance * (1 - (1 - p_wf)^wf_rolls) * (1 - p_spell_base), r, p_auto_eff / MAX($C$43, 0.00001) + p_spell_eff / C49 + p_spell_eff / C46, a, 1 / MAX($C$43, 0.00001), rho, r / MAX(a, 0.00001), uptime_time, (rho * (3 + 3*rho + rho^2)) / (1 + rho)^3, uptime_time ) -> 0.71284263
A19: Race | B19: ='Main(manual)'!B19 -> Troll | C19: Imp Molten Blast | D19: ='Main(manual)'!D19 -> 1 | E19: Crusader | F19: ='Main(manual)'!F20 -> FALSE | G19: Improved Scorch | H19: ='Main(manual)'!H19 -> TRUE | I19: Divine Spirit | J19: ='Main(manual)'!J19 -> TRUE | K19: Fire Power | L19: ='Main(manual)'!L19 -> TRUE | M19: JoW Hits (60 sec) | N19: =IF($H$21,((60/C43)+14.166+IF(J3="Windfury",(60/C44),0)+IF(J3="Flametongue",((60/C43)+(60/C46)+(60/C49)),0)+$F$72)*0.5*(1-SUM($P$3,$P$2)),0) -> 47.274845 | O19: Windfury Procs (60 sec) | P19: =IF(J3="Windfury",((60/C43)+(60/C49)+(60/C46))*0.2*(1-SUM($P$3,$P$2)),0) -> 0
E20: Using Shield? | F20: ='Main(manual)'!F21 -> FALSE | G20: Nightfall | H20: ='Main(manual)'!H20 -> TRUE | I20: Emerald Blessing | J20: ='Main(manual)'!J20 -> TRUE | K20: Dreamtonic | L20: ='Main(manual)'!L20 -> TRUE | O20: Stonebreaker Uptime | P20: =IF($F$5,1-(0.65^(10/$C$51)),0) -> 0.5775
E21: Sulfuras proc | F21: ='Main(manual)'!F22 -> FALSE | G21: Judgement of Wisdom | H21: ='Main(manual)'!H21 -> TRUE | I21: Wisdom | J21: ='Main(manual)'!J21 -> TRUE | K21: Dreamshard | L21: ='Main(manual)'!L21 -> TRUE | O21: Crackling Uptime | P21: =IF($F$6,1-EXP(-(0.15/(60/(60/C46))*8)),0) -> 0.12482668
A22: TPS | B22: =$I$61 -> 1176.7469 | E22: Neretzek proc | F22: ='Main(manual)'!F23 -> FALSE | I22: Mana Spring | J22: ='Main(manual)'!J22 -> TRUE | K22: Tel'Abim Delight | L22: ='Main(manual)'!L22 -> FALSE | O22: WoC Uptime | P22: =1-EXP(-(0.05/(60/$H$72))*10) -> 0.49115487
A23: DPS | B23: =$G$61 -> 1774.1433 | E23: DTC proc | F23: ='Main(manual)'!F24 -> FALSE | I23: Stormstrike | J23: ='Main(manual)'!J23 -> TRUE | K23: D.Breath Chili | L23: ='Main(manual)'!L23 -> TRUE | O23: Nobility Drape Uptime | P23: =1-EXP(-(0.2/(60/$H$72))*6) -> 0.80239156
E24: Forgotten Order proc | F24: ='Main(manual)'!F25 -> FALSE | I24: Berserking | J24: ='Main(manual)'!J24 -> TRUE | O24: Crusader Uptime | P24: =1-EXP(-((E67*(1-SUM(P2:P3))/C43)+IF(J3="Windfury",(E67*(1-SUM(P2:P3))/C44),0)+(E67*(1-SUM(P2:P3))/C46)+(E67*(1-SUM(P2:P3))/C49))*20) -> 0.47675856
A25: Total | B25: %asPhys | C25: %asMagic | E25: Wrath of Cenarius | F25: ='Main(manual)'!F27 -> TRUE | I25: Bloodfury | J25: ='Main(manual)'!J25 -> FALSE | K25: Stat Weights | L25: Weight (dps) | M25: Weight (ap) | N25: Weight (sp)
A26: =Sum(K43:K59) -> 1 | B26: =K43+K46+K49+K44 -> 0.30978876 | C26: =1-B26 -> 0.69021124 | E26: # of spellstrike items | F26: ='Main(manual)'!F28 -> 1 | I26: Elemental Mastery | J26: ='Main(manual)'!J26 -> FALSE | K26: 1 AP = | L26: =(APWeight!B23-B23)/100 -> #REF! | M26: =L26/$L$26 -> #REF! | N26: =L26/$L$35 -> #REF!
E27: T1 5pc | F27: ='Main(manual)'!F10 -> FALSE | I27: Kiss of the Spider | J27: ='Main(manual)'!J27 -> FALSE | K27: 1 str = | L27: =(StrWeight!B23-B23)/100 -> #REF! | M27: =L27/$L$26 -> #REF! | N27: =L27/$L$35 -> #REF!
E28: Hand of Edward | F28: ='Main(manual)'!F26 -> None | I28: Slayer's Crest | J28: ='Main(manual)'!J28 -> FALSE | K28: 1 agi = | L28: =(AgiWeight!B23-B23)/100 -> #REF! | M28: =L28/$L$26 -> #REF! | N28: =L28/$L$35 -> #REF!
I29: Molten Emberstone | J29: ='Main(manual)'!J29 -> FALSE | K29: 1 int = | L29: =(IntWeight!B23-B23)/100 -> #REF! | M29: =L29/$L$26 -> #REF! | N29: =L29/$L$35 -> #REF!
K30: 1% phys crit = | L30: =PhysCritWeight!B23-B23 -> #REF! | M30: =L30/$L$26 -> #REF! | N30: =L30/$L$35 -> #REF!
K31: 1% phys hit = | L31: =PhysHitWeight!B23-B23 -> #REF! | M31: =L31/$L$26 -> #REF! | N31: =L31/$L$35 -> #REF!
K32: 1% haste = | L32: =HasteWeight!B23-B23 -> #REF! | M32: =L32/$L$26 -> #REF! | N32: =L32/$L$35 -> #REF!
K33: 1 wep skill = | L33: =(WepSkillWeight!B23-B23) -> #REF! | M33: =L33/$L$26 -> #REF! | N33: =L33/$L$35 -> #REF!
K34: 1 ArP = | L34: =ArPWeight!B23-B23 -> #REF! | M34: =L34/$L$26 -> #REF! | N34: =L34/$L$35 -> #REF!
K35: 1 SP = | L35: =L37+L36 -> #REF! | M35: =L35/$L$26 -> #REF! | N35: =L35/$L$35 -> #REF!
K36: 1 nature SP = | L36: =NatureWeight!B23-B23 -> #REF! | M36: =L36/$L$26 -> #REF! | N36: =L36/$L$35 -> #REF!
K37: 1 fire SP = | L37: =FireWeight!B23-B23 -> #REF! | M37: =L37/$L$26 -> #REF! | N37: =L37/$L$35 -> #REF!
K38: 1 spell crit = | L38: =SpellCritWeight!B23-B23 -> #REF! | M38: =L38/$L$26 -> #REF! | N38: =L38/$L$35 -> #REF!
K39: 1 spell hit = | L39: =(SpellHitWeight!B23-B23) -> #REF! | M39: =L39/$L$26 -> #REF! | N39: =L39/$L$35 -> #REF!
K40: 1 spell pen = | L40: =SpellPenWeight!B23-B23 -> #REF! | M40: =L40/$L$26 -> #REF! | N40: =L40/$L$35 -> #REF!
A42: Spell | B42: Base | C42: Swing/CD TIme | D42: SP Coeff | E42: AP Coeff | F42: Min | G42: Max | H42: Avg Hit | I42: DPS | J42: TPS | K42: %ofTotalDPS | L42: Mana | M42: MPS | N42: OOM (sec)
A43: Auto-Attacks | B43: =$F$4 -> 3.6 | C43: =$F$4/(1+$N$7) -> 2.979127 | E43: =14/F4 -> 3.8888889 | F43: =($F$2+($N$3/E43))*(1+U8)*IF($H$13,1.04,1)*(1-$P$12)+IF($H14,8,0) -> 711.09916 | G43: =($F$3+($N$3/E43))*(1+U8)*IF($H$13,1.04,1)*(1-$P$12)+IF($H14,8,0) -> 856.69162 | H43: =((AVERAGE(F43,G43)*$P$5*$P$7)+(AVERAGE(F43,G43)*$P$10*2)+(AVERAGE(F43,G43)*$P$8)+((AVERAGE(F43,G43)-$P$6)*$P$4)) -> 937.30372 | I43: =H43/C43 -> 314.62362 | J43: =I43*(IF($J$3="Rockbiter",1+U3,1)+IF(AND($J$3="Rockbiter",$F$11),U3*U4,0))*IF($J$6,0.75,1)*IF($J$7,0.8,1)*IF($F$17,1.02,1)*IF($F$18,0.98,1)*(1-U7)*(1+U5) -> 231.24836 | K43: =I43/$B$23 -> 0.17733833
A44: Windfury Attack | B44: =$F$4 -> 3.6 | C44: =IF($J$3="Windfury",60/(P19*2),0) -> 0 | F44: =($F$2+(($N$3+323)/$E$43))*(1+U8)*IF($H$13,1.04,1)*(1-$P$12)+IF($H14,8,0) -> 804.11835 | G44: =($F$3+(($N$3+323)/$E$43))*(1+U8)*IF($H$13,1.04,1)*(1-$P$12)+IF($H14,8,0) -> 949.7108 | H44: =((AVERAGE(F44,G44)*$P$5*$P$7)+(AVERAGE(F44,G44)*$P$10*2)+(AVERAGE(F44,G44)*$P$8)+((AVERAGE(F44,G44)-$P$6)*$P$4))*IF(J3="Windfury",1,0) -> 0 | I44: =IF($J$3="Windfury",(H44/C44),0) -> 0 | J44: =I44*(IF($J$3="Rockbiter",1+U3,1)+IF(AND($J$3="Rockbiter",$F$11),U3*U4,0))*IF($J$6,0.7,1)*IF($J$7,0.8,1)*IF($F$17,1.02,1)*IF($F$18,0.98,1)*(1-U7)*(1+U5) -> 0 | K44: =I44/$B$23 -> 0
A45: Flametongue | B45: =$F$4 -> 3.6 | C45: =$F$4/(1+$N$7) -> 2.979127 | D45: =0.1 -> 0.1 | F45: =(29.5*$F$4+(D45*$N$16))*(1+IF(J3="Flametongue",0.1*$D$12,0))*(1+($D$14*0.05))*(1+($D$17*0.05))*IF($H$18,1.1,1)*IF($H$19,1.15,1)*IF($H$20,1+(0.1*H67),1)*IF(F27,1.45,1) -> 395.02831 | G45: =(29.5*$F$4+(D45*$N$16))*(1+IF(J3="Flametongue",0.1*$D$12,0))*(1+($D$14*0.05))*(1+($D$17*0.05))*IF($H$18,1.1,1)*IF($H$19,1.15,1)*IF($H$20,1+(0.1*H67),1)*IF(F27,1.45,1) -> 395.02831 | H45: =(AVERAGE(F45,G45))*(($N$17+$U$8)*(1.5+($D$17*0.25)))+(AVERAGE(F45,G45))*((MIN(IF($H$3=63,0.83+$N$18,0.96+$N$18-(($H$3-60)*0.01)),0.99))-($N$17+$U$8))*((1-$P$15*0.0025)*$P$13)*(1-P2-P3) -> 456.62107 | I45: =IF($J$3="Flametongue",(H45/C45)+(H45/C46)+(H45/C49)+IF(F23,((H45/C45)+(H45/C46)+(H45/C49))*K67,0)) -> 261.08675 | J45: =I45*(IF($J$3="Rockbiter",1+U3,1)+IF(AND($J$3="Rockbiter",$F$11),U3*U4,0))*IF($J$6,0.7,1)*IF($J$7,0.8,1)*IF($F$17,1.02,1)*IF($F$18,0.98,1)*(1-U7)*(1+U5) -> 179.10551 | K45: =I45/$B$23 -> 0.14716215
A46: Lstrike Physical | B46: 1.5 | C46: =IF($F$10,8.5,9) -> 9 | E46: =14/F4 -> 3.8888889 | F46: =F43*0.6*(1+U8) -> 460.79226 | G46: =G43*0.6*(1+U8) -> 555.13617 | H46: =(AVERAGE(F46,G46)*($P$10+$U$8)*(2*(1+$D$17*0.25))+(AVERAGE(F46,G46)*(1-$P$2-$P$3-$P$4-($P$10+U8)))+((AVERAGE(F46,G46)-$P$6)*$P$4)) -> 853.0751 | I46: =H46/C46 -> 94.786123 | J46: =I46*(IF($J$3="Rockbiter",1+U3,1)+IF(AND($J$3="Rockbiter",$F$11),U3*U4,0))*IF($J$6,0.75,1)*IF($J$7,0.8,1)*IF($F$17,1.02,1)*IF($F$18,0.98,1)*(1-U7)*(1+U5) -> 69.6678 | K46: =I46/$B$23 -> 0.053426417 | L46: =IF($J$2="Lightning",(182*(1-J26*0.2)),(182*(1-J26*0.2))-(150+($N$3/10)))-($P$17*0.6*182) -> 88.683935 | M46: =L46/C46 -> 9.8537706
A47: Lstrike Nature | B47: 1.5 | C47: =IF($F$10,8.5,9) -> 9 | D47: 0.05 | E47: =14/F4 -> 3.8888889 | F47: =(($F$2+($N$3/E43))*(0.2)+($D$47*$N$15))*(1+U8)*IF($H$20,1+(0.1*H67),1)*(1+(D17*0.05))*IF(J23,1+U9,1) -> 252.15176 | G47: =(($F$3+($N$3/E43))*(0.2)+($D$47*$N$15))*(1+U8)*IF($H$20,1+(0.1*H67),1)*(1+(D17*0.05))*IF(J23,1+U9,1) -> 292.13187 | H47: =(AVERAGE(F47,G47)*($P$10+$U$8)*(1.5+($D$17*0.25))+(AVERAGE(F47,G47)*(1-$P$2-$P$3-$P$4-($P$10+U8)))+((AVERAGE(F47,G47)-$P$6)*$P$4))*IF(J23,1+U9,1) -> 446.21053 | I47: =H47/C47 -> 49.578947 | J47: =I47*(IF($J$3="Rockbiter",1+U3,1)+IF(AND($J$3="Rockbiter",$F$11),U3*U4,0))*IF($J$6,0.75,1)*IF($J$7,0.8,1)*IF($F$17,1.02,1)*IF($F$18,0.98,1)*(1-U7)*(1+U5) -> 36.440526 | K47: =I47/$B$23 -> 0.027945288
A48: Empowered LS | B48: 1.5 | C48: =IF($F$10,8.5,9) -> 9 | D48: 0.265 | E48: 0.25 | F48: =IF($J$2="Lightning",(198+(D48*N15)+(E48*$N$3))*IF($J$23,1+U9,1)*IF($F$12,1.15,1)*(1+(D17*0.05))*(1+(D9*0.01))*IF($H$20,1+(0.1*H67),1)*IF(J26,1.15,1),0) -> 1305.8508 | G48: =IF($J$2="Lightning",(198+(D48*N15)+(E48*$N$3))*IF($J$23,1+U9,1)*IF($F$12,1.15,1)*(1+(D17*0.05))*(1+(D9*0.01))*IF($H$20,1+(0.1*H67),1)*IF(J26,1.15,1),0) -> 1305.8508 | H48: =G48*((1-$P$14*0.0025)*$P$13)*(1-P2-P3) -> 1158.7598 | I48: =IF(F15,((H48/C48)+(H48/C43)*0.15+(H48/C46)*0.15+(H48/C49)*0.15+IF(J3="Windfury",H48/C44,0)*0.15)*(1-P2),(H48/C48)*(1-P2)) -> 121.54103 | J48: =IF($J$2="Lightning",I48*(IF($J$3="Rockbiter",1+U3,1)+IF(AND($J$3="Rockbiter",$F$11),U3*U4,0))*IF($J$6,0.75,1)*IF($J$7,0.8,1)*IF($F$17,1.02,1)*IF($F$18,0.98,1)*(1+U5),((150+($N$3/10))/2)*(IF($J$3="Rockbiter",1+U3,1)+IF(AND($J$3="Rockbiter",$F$11),U3*U4,0))*IF($J$6,0.7,1)*IF($J$7,0.8,1)*IF($F$17,1.02,1)*IF($F$18,0.98,1)*(1+U5)) -> 89.332654 | K48: =I48/$B$23 -> 0.068506881 | L48: =IF($J$2="Lightning",(182*(1-J26*0.2)),(182*(1-J26*0.2))-(150+($N$3/10)))-($P$17*0.6*182) -> 88.683935 | M48: =L48/C48 -> 9.8537706
A49: Stormstrike | B49: 1.5 | C49: =IF($F$10,7.5,8) -> 8 | E49: =14/F4 -> 3.8888889 | F49: =$F$43*1.01*(1+U8) -> 775.66697 | G49: =$G$43*1.01*(1+U8) -> 934.47922 | H49: =(AVERAGE(F49,G49)*($P$10+$U$8)*2)+(AVERAGE(F49,G49)*(1-$P$2-$P$3-$P$4-($P$10+U8)))+((AVERAGE(F49,G49)-$P$6)*$P$4) -> 1121.5994 | I49: =H49/C49 -> 140.19992 | J49: =I49*(IF($J$3="Rockbiter",1+U3,1)+IF(AND($J$3="Rockbiter",$F$11),U3*U4,0))*IF($J$6,0.75,1)*IF($J$7,0.8,1)*IF($F$17,1.02,1)*IF($F$18,0.98,1)*(1-U7)*(1+U5) -> 103.04694 | K49: =I49/$B$23 -> 0.07902401 | L49: =(152*(1-J26*0.2))-($P$17*0.6*152) -> 74.065704 | M49: =L49/C49 -> 9.258213
